Title,Image_Url,recipe_id
like-a-caesar,https://github.com/Siya-Kamat30/Recipe-Explorer-Ingredient-Breakdown-Dashboard/blob/main/Food%20Images/-like-a-caesar-235836.jpg,1
pistachio-crusted-chicken-with-carrot-raita,https://github.com/Siya-Kamat30/Recipe-Explorer-Ingredient-Breakdown-Dashboard/blob/main/Food%20Images/-pistachio-crusted-chicken-with-carrot-raita-51236030.jpg,2
3-ingredient-peanut-butter-cookies,https://github.com/Siya-Kamat30/Recipe-Explorer-Ingredient-Breakdown-Dashboard/blob/main/Food%20Images/3-ingredient-peanut-butter-cookies.jpg,3
apple-and-persimmon-tarte-tatin,https://github.com/Siya-Kamat30/Recipe-Explorer-Ingredient-Breakdown-Dashboard/blob/main/Food%20Images/apple-and-persimmon-tarte-tatin.jpg,4
asian-noodle-salad-with-shrimp,https://github.com/Siya-Kamat30/Recipe-Explorer-Ingredient-Breakdown-Dashboard/blob/main/Food%20Images/asian-noodle-salad-with-shrimp-352534.jpg,5
avocado-toast-with-tomato-corn-salsa,https://github.com/Siya-Kamat30/Recipe-Explorer-Ingredient-Breakdown-Dashboard/blob/main/Food%20Images/avocado-toast-with-tomato-corn-salsa-56389819.jpg,6
banana-coconut-muffins,https://github.com/Siya-Kamat30/Recipe-Explorer-Ingredient-Breakdown-Dashboard/blob/main/Food%20Images/banana-coconut-muffins-109473.jpg,7
chickpea-pancakes-with-leeks-squash-and-yogurt,https://github.com/Siya-Kamat30/Recipe-Explorer-Ingredient-Breakdown-Dashboard/blob/main/Food%20Images/-chickpea-pancakes-with-leeks-squash-and-yogurt-51260630.jpg,8
10-minute-sausage-skillet-with-cherry-tomatoes-and-broccolini,https://github.com/Siya-Kamat30/Recipe-Explorer-Ingredient-Breakdown-Dashboard/blob/main/Food%20Images/10-minute-sausage-skillet-with-cherry-tomatoes-and-broccolini.jpg,9
air-fryer-crispy-herbed-chickpeas,https://github.com/Siya-Kamat30/Recipe-Explorer-Ingredient-Breakdown-Dashboard/blob/main/Food%20Images/air-fryer-crispy-herbed-chickpeas.jpg,10
,,
,,
,,
,,
,,
,,
,,
,,
,,
,,
,,
,,
,,
,,
,,
,,
,,
,,
,,
,,
,,
,,
,,
,,
,,
,,
,,
,,
,,
,,
,,
,,
,,
,,
,,
,,
,,
,,
,,
,,
,,
,,
,,
,,
,,
,,
,,
,,
,,
,,
,,
,,
,,
,,
,,
,,
,,
,,
,,
,,
,,
,,
,,
,,
,,
,,
,,
,,
,,
,,
,,
,,
,,
,,
,,
,,
,,
,,
,,
,,
,,
,,
,,
,,
,,
,,
,,
,,
,,
,,
,,
,,
,,
,,
,,
,,
,,
,,
,,
,,
,,
,,
,,
,,
,,
,,
,,
,,
,,
,,
,,
,,
,,
,,
,,
,,
,,
,,
,,
,,
,,
,,
,,
,,
,,
,,
,,
,,
,,
,,
,,
,,
,,
,,
,,
,,
,,
,,
,,
,,
,,
,,
,,
,,
,,
,,
,,
,,
,,
,,
,,
,,
,,
,,
,,
,,
,,
,,
,,
,,
,,
,,
,,
,,
,,
,,
,,
,,
,,
,,
,,
,,
,,
,,
,,
,,
,,
,,
,,
,,
,,
,,
,,
,,
,,
,,
,,
,,
,,
,,
,,
,,
,,
,,
,,
,,
,,
,,
,,
,,
,,
,,
,,
,,
,,
,,
,,
,,
,,
,,
,,
,,
,,
,,
,,
,,
,,
,,
,,
,,
,,
,,
,,
,,
,,
,,
,,
,,
,,
,,
,,
,,
,,
,,
,,
,,
,,
,,
,,
,,
,,
,,
,,
,,
,,
,,
,,
,,
,,
,,
,,
,,
,,
,,
,,
,,
,,
,,
,,
,,
,,
,,
,,
,,
,,
,,
,,
,,
,,
,,
,,
,,
,,
,,
,,
,,
,,
,,
,,
,,
,,
,,
,,
,,
,,
,,
,,
,,
,,
,,
,,
,,
,,
,,
,,
,,
,,
,,
,,
,,
,,
,,
,,
,,
,,
,,
,,
,,
,,
,,
,,
,,
,,
,,
,,
,,
,,
,,
,,
,,
,,
,,
,,
,,
,,
,,
,,
,,
,,
,,
,,
,,
,,
,,
,,
,,
,,
,,
,,
,,
,,
,,
,,
,,
,,
,,
,,
,,
,,
,,
,,
,,
,,
,,
,,
,,
,,
,,
,,
,,
,,
,,
,,
,,
,,
,,
,,
,,
,,
,,
,,
,,
,,
,,
,,
,,
,,
,,
,,
,,
,,
,,
,,
,,
,,
,,
,,
,,
,,
,,
,,
,,
,,
,,
,,
,,
,,
,,
,,
,,
,,
,,
,,
,,
,,
,,
,,
,,
,,
,,
,,
,,
,,
,,
,,
,,
,,
,,
,,
,,
,,
,,
,,
,,
,,
,,
,,
,,
,,
,,
,,
,,
,,
,,
,,
,,
,,
,,
,,
,,
,,
,,
,,
,,
,,
,,
,,
,,
,,
,,
,,
,,
,,
,,
,,
,,
,,
,,
,,
,,
,,
,,
,,
,,
,,
,,
,,
,,
,,
,,
,,
,,
,,
,,
,,
,,
,,
,,
,,
,,
,,
,,
,,
,,
,,
,,
,,
,,
,,
,,
,,
,,
,,
,,
,,
,,
,,
,,
,,
,,
,,
,,
,,
,,
,,
,,
,,
,,
,,
,,
,,
,,
,,
,,
,,
,,
,,
,,
,,
,,
,,
,,
,,
,,
,,
,,
,,
,,
,,
,,
,,
,,
,,
,,
,,
,,
,,
,,
,,
,,
,,
,,
,,
,,
,,
,,
,,
,,
,,
,,
,,
,,
,,
,,
,,
,,
,,
,,
,,
,,
,,
,,
,,
,,
,,
,,
,,
,,
,,
,,
,,
,,
,,
,,
,,
,,
,,
,,
,,
,,
,,
,,
,,
,,
,,
,,
,,
,,
,,
,,
,,
,,
,,
,,
,,
,,
,,
,,
,,
,,
,,
,,
,,
,,
,,
,,
,,
,,
,,
,,
,,
,,
,,
,,
,,
,,
,,
,,
,,
,,
,,
,,
,,
,,
,,
,,
,,
,,
,,
,,
,,
,,
,,
,,
,,
,,
,,
,,
,,
,,
,,
,,
,,
,,
,,
,,
,,
,,
,,
,,
,,
,,
,,
,,
,,
,,
,,
,,
,,
,,
,,
,,
,,
,,
,,
,,
,,
,,
,,
,,
,,
,,
,,
,,
,,
,,
,,
,,
,,
,,
,,
,,
,,
,,
,,
,,
,,
,,
,,
,,
,,
,,
,,
,,
,,
,,
,,
,,
,,
,,
,,
,,
,,
,,
,,
,,
,,
,,
,,
,,
,,
,,
,,
,,
,,
,,
,,
,,
,,
,,
,,
,,
,,
,,
,,
,,
,,
,,
,,
,,
,,
,,
,,
,,
,,
,,
,,
,,
,,
,,
,,
,,
,,
,,
,,
,,
,,
,,
,,
,,
,,
,,
,,
,,
,,
,,
,,
,,
,,
,,
,,
,,
,,
,,
,,
,,
,,
,,
,,
,,
,,
,,
,,
,,
,,
,,
,,
,,
,,
,,
,,
,,
,,
,,
,,
,,
,,
,,
,,
,,
,,
,,
,,
,,
,,
,,
,,
,,
,,
,,
,,
,,
,,
,,
,,
,,
,,
,,
,,
,,
,,
,,
,,
,,
,,
,,
,,
,,
,,
,,
,,
,,
,,
,,
,,
,,
,,
,,
,,
,,
,,
,,
,,
,,
,,
,,
,,
,,
,,
,,
,,
,,
,,
,,
,,
,,
,,
,,
,,
,,
,,
,,
,,
,,
,,
,,
,,
,,
,,
,,
,,
,,
,,
,,
,,
,,
,,
,,
,,
,,
,,
,,
,,
,,
,,
,,
,,
,,
,,
,,
,,
,,
,,
,,
,,
,,
,,
,,
,,
,,
,,
,,
,,
,,
,,
,,
,,
,,
,,
,,
,,
,,
,,
,,
,,
,,
,,
,,
,,
,,
,,
,,
,,
,,
,,
,,
,,
,,
,,
,,
,,
,,
,,
,,
,,
,,
,,
,,
,,
,,
,,
,,
,,
,,
,,
,,
,,
,,
,,
,,
,,
,,
,,
,,
,,
,,
,,
,,
,,
,,
,,
,,
,,
,,
,,
,,
,,
,,
,,
,,
,,
,,
,,
,,
,,
,,
,,
,,
,,
,,
,,
,,
,,
,,
,,
,,
,,
,,
,,
,,
,,
,,
,,
,,
,,
,,
,,
,,
,,
,,
,,
,,
,,
,,
,,
,,
,,
,,
,,
,,
,,
,,
,,
,,
,,
,,
,,
,,
,,
,,
,,
,,
,,
,,
,,
,,
,,
,,
,,
,,
,,
,,
,,
,,
,,
,,
,,
,,
,,
,,
,,
,,
,,
,,
,,
,,
,,
,,
,,
,,
,,
,,
,,
,,
,,
,,
,,
,,
,,
,,
,,
,,
,,
,,
,,
,,
,,
,,
,,
,,
,,
,,
,,
,,
,,
,,
,,
,,
,,
,,
,,
,,
,,
,,
,,
,,
,,
,,
,,
,,
,,
,,
,,
,,
,,
,,
,,
,,
,,
,,
,,
,,
,,
,,
,,
,,
,,
,,
,,
,,
,,
,,
,,
,,
,,
,,
,,
,,
,,
,,
,,
,,
,,
,,
,,
,,
,,
,,
,,
,,
,,
,,
,,
,,
,,
,,
,,
,,
,,
,,
,,
,,
,,
,,
,,
,,
,,
,,
,,
,,
,,
,,
,,
,,
,,
,,
,,
,,
,,
,,
,,
,,
,,
,,
,,
,,
,,
,,
,,
,,
,,
,,
,,
,,
,,
,,
,,
,,
,,
,,
,,
,,
,,
,,
,,
,,
,,
,,
,,
,,
,,
,,
,,
,,
,,
,,
,,
,,
,,
,,
,,
,,
,,
,,
,,
,,
,,
,,
,,
,,
,,
,,
,,
,,
,,
,,
,,
,,
,,
,,
,,
,,
,,
,,
,,
,,
,,
,,
,,
,,
,,
,,
,,
,,
,,
,,
,,
,,
,,
,,
,,
,,
,,
,,
,,
,,
,,
,,
,,
,,
,,
,,
,,
,,
,,
,,
,,
,,
,,
,,
,,
,,
,,
,,
,,
,,
,,
,,
,,
,,
,,
,,
,,
,,
,,
,,
,,
,,
,,
,,
,,
,,
,,
,,
,,
,,
,,
,,
,,
,,
,,
,,
,,
,,
,,
,,
,,
,,
,,
,,
,,
,,
,,
,,
,,
,,
,,
,,
,,
,,
,,
,,
,,
,,
,,
,,
,,
,,
,,
,,
,,
,,
,,
,,
,,
,,
,,
,,
,,
,,
,,
,,
,,
,,
,,
,,
,,
,,
,,
,,
,,
,,
,,
,,
,,
,,
,,
,,
,,
,,
,,
,,
,,
,,
,,
,,
,,
,,
,,
,,
,,
,,
,,
,,
,,
,,
,,
,,
,,
,,
,,
,,
,,
,,
,,
,,
,,
,,
,,
,,
,,
,,
,,
,,
,,
,,
,,
,,
,,
,,
,,
,,
,,
,,
,,
,,
,,
,,
,,
,,
,,
,,
,,
,,
,,
,,
,,
,,
,,
,,
,,
,,
,,
,,
,,
,,
,,
,,
,,
,,
,,
,,
,,
,,
,,
,,
,,
,,
,,
,,
,,
,,
,,
,,
,,
,,
,,
,,
,,
,,
,,
,,
,,
,,
,,
,,
,,
,,
,,
,,
,,
,,
,,
,,
,,
,,
,,
,,
,,
,,
,,
,,
,,
,,
,,
,,
,,
,,
,,
,,
,,
,,
,,
,,
,,
,,
,,
,,
,,
,,
,,
,,
,,
,,
,,
,,
,,
,,
,,
,,
,,
,,
,,
,,
,,
,,
,,
,,
,,
,,
,,
,,
,,
,,
,,
,,
,,
,,
,,
,,
,,
,,
,,
,,
,,
,,
,,
,,
,,
,,
,,
,,
,,
,,
,,
,,
,,
,,
,,
,,
,,
,,
,,
,,
,,
,,
,,
,,
,,
,,
,,
,,
,,
,,
,,
,,
,,
,,
,,
,,
,,
,,
,,
,,
,,
,,
,,
,,
,,
,,
,,
,,
,,
,,
,,
,,
,,
,,
,,
,,
,,
,,
,,
,,
,,
,,
,,
,,
,,
,,
,,
,,
,,
,,
,,
,,
,,
,,
,,
,,
,,
,,
,,
,,
,,
,,
,,
,,
,,
,,
,,
,,
,,
,,
,,
,,
,,
,,
,,
,,
,,
,,
,,
,,
,,
,,
,,
,,
,,
,,
,,
,,
,,
,,
,,
,,
,,
,,
,,
,,
,,
,,
,,
,,
,,
,,
,,
,,
,,
,,
,,
,,
,,
,,
,,
,,
,,
,,
,,
,,
,,
,,
,,
,,
,,
,,
,,
,,
,,
,,
,,
,,
,,
,,
,,
,,
,,
,,
,,
,,
,,
,,
,,
,,
,,
,,
,,
,,
,,
,,
,,
,,
,,
,,
,,
,,
,,
,,
,,
,,
,,
,,
,,
,,
,,
,,
,,
,,
,,
,,
,,
,,
,,
,,
,,
,,
,,
,,
,,
,,
,,
,,
,,
,,
,,
,,
,,
,,
,,
,,
,,
,,
,,
,,
,,
,,
,,
,,
,,
,,
,,
,,
,,
,,
,,
,,
,,
,,
,,
,,
,,
,,
,,
,,
,,
,,
,,
,,
,,
,,
,,
,,
,,
,,
,,
,,
,,
,,
,,
,,
,,
,,
,,
,,
,,
,,
,,
,,
,,
,,
,,
,,
,,
,,
,,
,,
,,
,,
,,
,,
,,
,,
,,
,,
,,
,,
,,
,,
,,
,,
,,
,,
,,
,,
,,
,,
,,
,,
,,
,,
,,
,,
,,
,,
,,
,,
,,
,,
,,
,,
,,
,,
,,
,,
,,
,,
,,
,,
,,
,,
,,
,,
,,
,,
,,
,,
,,
,,
,,
,,
,,
,,
,,
,,
,,
,,
,,
,,
,,
,,
,,
,,
,,
,,
,,
,,
,,
,,
,,
,,
,,
,,
,,
,,
,,
,,
,,
,,
,,
,,
,,
,,
,,
,,
,,
,,
,,
,,
,,
,,
,,
,,
,,
,,
,,
,,
,,
,,
,,
,,
,,
,,
,,
,,
,,
,,
,,
,,
,,
,,
,,
,,
,,
,,
,,
,,
,,
,,
,,
,,
,,
,,
,,
,,
,,
,,
,,
,,
,,
,,
,,
,,
,,
,,
,,
,,
,,
,,
,,
,,
,,
,,
,,
,,
,,
,,
,,
,,
,,
,,
,,
,,
,,
,,
,,
,,
,,
,,
,,
,,
,,
,,
,,
,,
,,
,,
,,
,,
,,
,,
,,
,,
,,
,,
,,
,,
,,
,,
,,
,,
,,
,,
,,
,,
,,
,,
,,
,,
,,
,,
,,
,,
,,
,,
,,
,,
,,
,,
,,
,,
,,
,,
,,
,,
,,
,,
,,
,,
,,
,,
,,
,,
,,
,,
,,
,,
,,
,,
,,
,,
,,
,,
,,
,,
,,
,,
,,
,,
,,
,,
,,
,,
,,
,,
,,
,,
,,
,,
,,
,,
,,
,,
,,
,,
,,
,,
,,
,,
,,
,,
,,
,,
,,
,,
,,
,,
,,
,,
,,
,,
,,
,,
,,
,,
,,
,,
,,
,,
,,
,,
,,
,,
,,
,,
,,
,,
,,
,,
,,
,,
,,
,,
,,
,,
,,
,,
,,
,,
,,
,,
,,
,,
,,
,,
,,
,,
,,
,,
,,
,,
,,
,,
,,
,,
,,
,,
,,
,,
,,
,,
,,
,,
,,
,,
,,
,,
,,
,,
,,
,,
,,
,,
,,
,,
,,
,,
,,
,,
,,
,,
,,
,,
,,
,,
,,
,,
,,
,,
,,
,,
,,
,,
,,
,,
,,
,,
,,
,,
,,
,,
,,
,,
,,
,,
,,
,,
,,
,,
,,
,,
,,
,,
,,
,,
,,
,,
,,
,,
,,
,,
,,
,,
,,
,,
,,
,,
,,
,,
,,
,,
,,
,,
,,
,,
,,
,,
,,
,,
,,
,,
,,
,,
,,
,,
,,
,,
,,
,,
,,
,,
,,
,,
,,
,,
,,
,,
,,
,,
,,
,,
,,
,,
,,
,,
,,
,,
,,
,,
,,
,,
,,
,,
,,
,,
,,
,,
,,
,,
,,
,,
,,
,,
,,
,,
,,
,,
,,
,,
,,
,,
,,
,,
,,
,,
,,
,,
,,
,,
,,
,,
,,
,,
,,
,,
,,
,,
,,
,,
,,
,,
,,
,,
,,
,,
,,
,,
,,
,,
,,
,,
,,
,,
,,
,,
,,
,,
,,
,,
,,
,,
,,
,,
,,
,,
,,
,,
,,
,,
,,
,,
,,
,,
,,
,,
,,
,,
,,
,,
,,
,,
,,
,,
,,
,,
,,
,,
,,
,,
,,
,,
,,
,,
,,
,,
,,
,,
,,
,,
,,
,,
,,
,,
,,
,,
,,
,,
,,
,,
,,
,,
,,
,,
,,
,,
,,
,,
,,
,,
,,
,,
,,
,,
,,
,,
,,
,,
,,
,,
,,
,,
,,
,,
,,
,,
,,
,,
,,
,,
,,
,,
,,
,,
,,
,,
,,
,,
,,
,,
,,
,,
,,
,,
,,
,,
,,
,,
,,
,,
,,
,,
,,
,,
,,
,,
,,
,,
,,
,,
,,
,,
,,
,,
,,
,,
,,
,,
,,
,,
,,
,,
,,
,,
,,
,,
,,
,,
,,
,,
,,
,,
,,
,,
,,
,,
,,
,,
,,
,,
,,
,,
,,
,,
,,
,,
,,
,,
,,
,,
,,
,,
,,
,,
,,
,,
,,
,,
,,
,,
,,
,,
,,
,,
,,
,,
,,
,,
,,
,,
,,
,,
,,
,,
,,
,,
,,
,,
,,
,,
,,
,,
,,
,,
,,
,,
,,
,,
,,
,,
,,
,,
,,
,,
,,
,,
,,
,,
,,
,,
,,
,,
,,
,,
,,
,,
,,
,,
,,
,,
,,
,,
,,
,,
,,
,,
,,
,,
,,
,,
,,
,,
,,
,,
,,
,,
,,
,,
,,
,,
,,
,,
,,
,,
,,
,,
,,
,,
,,
,,
,,
,,
,,
,,
,,
,,
,,
,,
,,
,,
,,
,,
,,
,,
,,
,,
,,
,,
,,
,,
,,
,,
,,
,,
,,
,,
,,
,,
,,
,,
,,
,,
,,
,,
,,
,,
,,
,,
,,
,,
,,
,,
,,
,,
,,
,,
,,
,,
,,
,,
,,
,,
,,
,,
,,
,,
,,
,,
,,
,,
,,
,,
,,
,,
,,
,,
,,
,,
,,
,,
,,
,,
,,
,,
,,
,,
,,
,,
,,
,,
,,
,,
,,
,,
,,
,,
,,
,,
,,
,,
,,
,,
,,
,,
,,
,,
,,
,,
,,
,,
,,
,,
,,
,,
,,
,,
,,
,,
,,
,,
,,
,,
,,
,,
,,
,,
,,
,,
,,
,,
,,
,,
,,
,,
,,
,,
,,
,,
,,
,,
,,
,,
,,
,,
,,
,,
,,
,,
,,
,,
,,
,,
,,
,,
,,
,,
,,
,,
,,
,,
,,
,,
,,
,,
,,
,,
,,
,,
,,
,,
,,
,,
,,
,,
,,
,,
,,
,,
,,
,,
,,
,,
,,
,,
,,
,,
,,
,,
,,
,,
,,
,,
,,
,,
,,
,,
,,
,,
,,
,,
,,
,,
,,
,,
,,
,,
,,
,,
,,
,,
,,
,,
,,
,,
,,
,,
,,
,,
,,
,,
,,
,,
,,
,,
,,
,,
,,
,,
,,
,,
,,
,,
,,
,,
,,
,,
,,
,,
,,
,,
,,
,,
,,
,,
,,
,,
,,
,,
,,
,,
,,
,,
,,
,,
,,
,,
,,
,,
,,
,,
,,
,,
,,
,,
,,
,,
,,
,,
,,
,,
,,
,,
,,
,,
,,
,,
,,
,,
,,
,,
,,
,,
,,
,,
,,
,,
,,
,,
,,
,,
,,
,,
,,
,,
,,
,,
,,
,,
,,
,,
,,
,,
,,
,,
,,
,,
,,
,,
,,
,,
,,
,,
,,
,,
,,
,,
,,
,,
,,
,,
,,
,,
,,
,,
,,
,,
,,
,,
,,
,,
,,
,,
,,
,,
,,
,,
,,
,,
,,
,,
,,
,,
,,
,,
,,
,,
,,
,,
,,
,,
,,
,,
,,
,,
,,
,,
,,
,,
,,
,,
,,
,,
,,
,,
,,
,,
,,
,,
,,
,,
,,
,,
,,
,,
,,
,,
,,
,,
,,
,,
,,
,,
,,
,,
,,
,,
,,
,,
,,
,,
,,
,,
,,
,,
,,
,,
,,
,,
,,
,,
,,
,,
,,
,,
,,
,,
,,
,,
,,
,,
,,
,,
,,
,,
,,
,,
,,
,,
,,
,,
,,
,,
,,
,,
,,
,,
,,
,,
,,
,,
,,
,,
,,
,,
,,
,,
,,
,,
,,
,,
,,
,,
,,
,,
,,
,,
,,
,,
,,
,,
,,
,,
,,
,,
,,
,,
,,
,,
,,
,,
,,
,,
,,
,,
,,
,,
,,
,,
,,
,,
,,
,,
,,
,,
,,
,,
,,
,,
,,
,,
,,
,,
,,
,,
,,
,,
,,
,,
,,
,,
,,
,,
,,
,,
,,
,,
,,
,,
,,
,,
,,
,,
,,
,,
,,
,,
,,
,,
,,
,,
,,
,,
,,
,,
,,
,,
,,
,,
,,
,,
,,
,,
,,
,,
,,
,,
,,
,,
,,
,,
,,
,,
,,
,,
,,
,,
,,
,,
,,
,,
,,
,,
,,
,,
,,
,,
,,
,,
,,
,,
,,
,,
,,
,,
,,
,,
,,
,,
,,
,,
,,
,,
,,
,,
,,
,,
,,
,,
,,
,,
,,
,,
,,
,,
,,
,,
,,
,,
,,
,,
,,
,,
,,
,,
,,
,,
,,
,,
,,
,,
,,
,,
,,
,,
,,
,,
,,
,,
,,
,,
,,
,,
,,
,,
,,
,,
,,
,,
,,
,,
,,
,,
,,
,,
,,
,,
,,
,,
,,
,,
,,
,,
,,
,,
,,
,,
,,
,,
,,
,,
,,
,,
,,
,,
,,
,,
,,
,,
,,
,,
,,
,,
,,
,,
,,
,,
,,
,,
,,
,,
,,
,,
,,
,,
,,
,,
,,
,,
,,
,,
,,
,,
,,
,,
,,
,,
,,
,,
,,
,,
,,
,,
,,
,,
,,
,,
,,
,,
,,
,,
,,
,,
,,
,,
,,
,,
,,
,,
,,
,,
,,
,,
,,
,,
,,
,,
,,
,,
,,
,,
,,
,,
,,
,,
,,
,,
,,
,,
,,
,,
,,
,,
,,
,,
,,
,,
,,
,,
,,
,,
,,
,,
,,
,,
,,
,,
,,
,,
,,
,,
,,
,,
,,
,,
,,
,,
,,
,,
,,
,,
,,
,,
,,
,,
,,
,,
,,
,,
,,
,,
,,
,,
,,
,,
,,
,,
,,
,,
,,
,,
,,
,,
,,
,,
,,
,,
,,
,,
,,
,,
,,
,,
,,
,,
,,
,,
,,
,,
,,
,,
,,
,,
,,
,,
,,
,,
,,
,,
,,
,,
,,
,,
,,
,,
,,
,,
,,
,,
,,
,,
,,
,,
,,
,,
,,
,,
,,
,,
,,
,,
,,
,,
,,
,,
,,
,,
,,
,,
,,
,,
,,
,,
,,
,,
,,
,,
,,
,,
,,
,,
,,
,,
,,
,,
,,
,,
,,
,,
,,
,,
,,
,,
,,
,,
,,
,,
,,
,,
,,
,,
,,
,,
,,
,,
,,
,,
,,
,,
,,
,,
,,
,,
,,
,,
,,
,,
,,
,,
,,
,,
,,
,,
,,
,,
,,
,,
,,
,,
,,
,,
,,
,,
,,
,,
,,
,,
,,
,,
,,
,,
,,
,,
,,
,,
,,
,,
,,
,,
,,
,,
,,
,,
,,
,,
,,
,,
,,
,,
,,
,,
,,
,,
,,
,,
,,
,,
,,
,,
,,
,,
,,
,,
,,
,,
,,
,,
,,
,,
,,
,,
,,
,,
,,
,,
,,
,,
,,
,,
,,
,,
,,
,,
,,
,,
,,
,,
,,
,,
,,
,,
,,
,,
,,
,,
,,
,,
,,
,,
,,
,,
,,
,,
,,
,,
,,
,,
,,
,,
,,
,,
,,
,,
,,
,,
,,
,,
,,
,,
,,
,,
,,
,,
,,
,,
,,
,,
,,
,,
,,
,,
,,
,,
,,
,,
,,
,,
,,
,,
,,
,,
,,
,,
,,
,,
,,
,,
,,
,,
,,
,,
,,
,,
,,
,,
,,
,,
,,
,,
,,
,,
,,
,,
,,
,,
,,
,,
,,
,,
,,
,,
,,
,,
,,
,,
,,
,,
,,
,,
,,
,,
,,
,,
,,
,,
,,
,,
,,
,,
,,
,,
,,
,,
,,
,,
,,
,,
,,
,,
,,
,,
,,
,,
,,
,,
,,
,,
,,
,,
,,
,,
,,
,,
,,
,,
,,
,,
,,
,,
,,
,,
,,
,,
,,
,,
,,
,,
,,
,,
,,
,,
,,
,,
,,
,,
,,
,,
,,
,,
,,
,,
,,
,,
,,
,,
,,
,,
,,
,,
,,
,,
,,
,,
,,
,,
,,
,,
,,
,,
,,
,,
,,
,,
,,
,,
,,
,,
,,
,,
,,
,,
,,
,,
,,
,,
,,
,,
,,
,,
,,
,,
,,
,,
,,
,,
,,
,,
,,
,,
,,
,,
,,
,,
,,
,,
,,
,,
,,
,,
,,
,,
,,
,,
,,
,,
,,
,,
,,
,,
,,
,,
,,
,,
,,
,,
,,
,,
,,
,,
,,
,,
,,
,,
,,
,,
,,
,,
,,
,,
,,
,,
,,
,,
,,
,,
,,
,,
,,
,,
,,
,,
,,
,,
,,
,,
,,
,,
,,
,,
,,
,,
,,
,,
,,
,,
,,
,,
,,
,,
,,
,,
,,
,,
,,
,,
,,
,,
,,
,,
,,
,,
,,
,,
,,
,,
,,
,,
,,
,,
,,
,,
,,
,,
,,
,,
,,
,,
,,
,,
,,
,,
,,
,,
,,
,,
,,
,,
,,
,,
,,
,,
,,
,,
,,
,,
,,
,,
,,
,,
,,
,,
,,
,,
,,
,,
,,
,,
,,
,,
,,
,,
,,
,,
,,
,,
,,
,,
,,
,,
,,
,,
,,
,,
,,
,,
,,
,,
,,
,,
,,
,,
,,
,,
,,
,,
,,
,,
,,
,,
,,
,,
,,
,,
,,
,,
,,
,,
,,
,,
,,
,,
,,
,,
,,
,,
,,
,,
,,
,,
,,
,,
,,
,,
,,
,,
,,
,,
,,
,,
,,
,,
,,
,,
,,
,,
,,
,,
,,
,,
,,
,,
,,
,,
,,
,,
,,
,,
,,
,,
,,
,,
,,
,,
,,
,,
,,
,,
,,
,,
,,
,,
,,
,,
,,
,,
,,
,,
,,
,,
,,
,,
,,
,,
,,
,,
,,
,,
,,
,,
,,
,,
,,
,,
,,
,,
,,
,,
,,
,,
,,
,,
,,
,,
,,
,,
,,
,,
,,
,,
,,
,,
,,
,,
,,
,,
,,
,,
,,
,,
,,
,,
,,
,,
,,
,,
,,
,,
,,
,,
,,
,,
,,
,,
,,
,,
,,
,,
,,
,,
,,
,,
,,
,,
,,
,,
,,
,,
,,
,,
,,
,,
,,
,,
,,
,,
,,
,,
,,
,,
,,
,,
,,
,,
,,
,,
,,
,,
,,
,,
,,
,,
,,
,,
,,
,,
,,
,,
,,
,,
,,
,,
,,
,,
,,
,,
,,
,,
,,
,,
,,
,,
,,
,,
,,
,,
,,
,,
,,
,,
,,
,,
,,
,,
,,
,,
,,
,,
,,
,,
,,
,,
,,
,,
,,
,,
,,
,,
,,
,,
,,
,,
,,
,,
,,
,,
,,
,,
,,
,,
,,
,,
,,
,,
,,
,,
,,
,,
,,
,,
,,
,,
,,
,,
,,
,,
,,
,,
,,
,,
,,
,,
,,
,,
,,
,,
,,
,,
,,
,,
,,
,,
,,
,,
,,
,,
,,
,,
,,
,,
,,
,,
,,
,,
,,
,,
,,
,,
,,
,,
,,
,,
,,
,,
,,
,,
,,
,,
,,
,,
,,
,,
,,
,,
,,
,,
,,
,,
,,
,,
,,
,,
,,
,,
,,
,,
,,
,,
,,
,,
,,
,,
,,
,,
,,
,,
,,
,,
,,
,,
,,
,,
,,
,,
,,
,,
,,
,,
,,
,,
,,
,,
,,
,,
,,
,,
,,
,,
,,
,,
,,
,,
,,
,,
,,
,,
,,
,,
,,
,,
,,
,,
,,
,,
,,
,,
,,
,,
,,
,,
,,
,,
,,
,,
,,
,,
,,
,,
,,
,,
,,
,,
,,
,,
,,
,,
,,
,,
,,
,,
,,
,,
,,
,,
,,
,,
,,
,,
,,
,,
,,
,,
,,
,,
,,
,,
,,
,,
,,
,,
,,
,,
,,
,,
,,
,,
,,
,,
,,
,,
,,
,,
,,
,,
,,
,,
,,
,,
,,
,,
,,
,,
,,
,,
,,
,,
,,
,,
,,
,,
,,
,,
,,
,,
,,
,,
,,
,,
,,
,,
,,
,,
,,
,,
,,
,,
,,
,,
,,
,,
,,
,,
,,
,,
,,
,,
,,
,,
,,
,,
,,
,,
,,
,,
,,
,,
,,
,,
,,
,,
,,
,,
,,
,,
,,
,,
,,
,,
,,
,,
,,
,,
,,
,,
,,
,,
,,
,,
,,
,,
,,
,,
,,
,,
,,
,,
,,
,,
,,
,,
,,
,,
,,
,,
,,
,,
,,
,,
,,
,,
,,
,,
,,
,,
,,
,,
,,
,,
,,
,,
,,
,,
,,
,,
,,
,,
,,
,,
,,
,,
,,
,,
,,
,,
,,
,,
,,
,,
,,
,,
,,
,,
,,
,,
,,
,,
,,
,,
,,
,,
,,
,,
,,
,,
,,
,,
,,
,,
,,
,,
,,
,,
,,
,,
,,
,,
,,
,,
,,
,,
,,
,,
,,
,,
,,
,,
,,
,,
,,
,,
,,
,,
,,
,,
,,
,,
,,
,,
,,
,,
,,
,,
,,
,,
,,
,,
,,
,,
,,
,,
,,
,,
,,
,,
,,
,,
,,
,,
,,
,,
,,
,,
,,
,,
,,
,,
,,
,,
,,
,,
,,
,,
,,
,,
,,
,,
,,
,,
,,
,,
,,
,,
,,
,,
,,
,,
,,
,,
,,
,,
,,
,,
,,
,,
,,
,,
,,
,,
,,
,,
,,
,,
,,
,,
,,
,,
,,
,,
,,
,,
,,
,,
,,
,,
,,
,,
,,
,,
,,
,,
,,
,,
,,
,,
,,
,,
,,
,,
,,
,,
,,
,,
,,
,,
,,
,,
,,
,,
,,
,,
,,
,,
,,
,,
,,
,,
,,
,,
,,
,,
,,
,,
,,
,,
,,
,,
,,
,,
,,
,,
,,
,,
,,
,,
,,
,,
,,
,,
,,
,,
,,
,,
,,
,,
,,
,,
,,
,,
,,
,,
,,
,,
,,
,,
,,
,,
,,
,,
,,
,,
,,
,,
,,
,,
,,
,,
,,
,,
,,
,,
,,
,,
,,
,,
,,
,,
,,
,,
,,
,,
,,
,,
,,
,,
,,
,,
,,
,,
,,
,,
,,
,,
,,
,,
,,
,,
,,
,,
,,
,,
,,
,,
,,
,,
,,
,,
,,
,,
,,
,,
,,
,,
,,
,,
,,
,,
,,
,,
,,
,,
,,
,,
,,
,,
,,
,,
,,
,,
,,
,,
,,
,,
,,
,,
,,
,,
,,
,,
,,
,,
,,
,,
,,
,,
,,
,,
,,
,,
,,
,,
,,
,,
,,
,,
,,
,,
,,
,,
,,
,,
,,
,,
,,
,,
,,
,,
,,
,,
,,
,,
,,
,,
,,
,,
,,
,,
,,
,,
,,
,,
,,
,,
,,
,,
,,
,,
,,
,,
,,
,,
,,
,,
,,
,,
,,
,,
,,
,,
,,
,,
,,
,,
,,
,,
,,
,,
,,
,,
,,
,,
,,
,,
,,
,,
,,
,,
,,
,,
,,
,,
,,
,,
,,
,,
,,
,,
,,
,,
,,
,,
,,
,,
,,
,,
,,
,,
,,
,,
,,
,,
,,
,,
,,
,,
,,
,,
,,
,,
,,
,,
,,
,,
,,
,,
,,
,,
,,
,,
,,
,,
,,
,,
,,
,,
,,
,,
,,
,,
,,
,,
,,
,,
,,
,,
,,
,,
,,
,,
,,
,,
,,
,,
,,
,,
,,
,,
,,
,,
,,
,,
,,
,,
,,
,,
,,
,,
,,
,,
,,
,,
,,
,,
,,
,,
,,
,,
,,
,,
,,
,,
,,
,,
,,
,,
,,
,,
,,
,,
,,
,,
,,
,,
,,
,,
,,
,,
,,
,,
,,
,,
,,
,,
,,
,,
,,
,,
,,
,,
,,
,,
,,
,,
,,
,,
,,
,,
,,
,,
,,
,,
,,
,,
,,
,,
,,
,,
,,
,,
,,
,,
,,
,,
,,
,,
,,
,,
,,
,,
,,
,,
,,
,,
,,
,,
,,
,,
,,
,,
,,
,,
,,
,,
,,
,,
,,
,,
,,
,,
,,
,,
,,
,,
,,
,,
,,
,,
,,
,,
,,
,,
,,
,,
,,
,,
,,
,,
,,
,,
,,
,,
,,
,,
,,
,,
,,
,,
,,
,,
,,
,,
,,
,,
,,
,,
,,
,,
,,
,,
,,
,,
,,
,,
,,
,,
,,
,,
,,
,,
,,
,,
,,
,,
,,
,,
,,
,,
,,
,,
,,
,,
,,
,,
,,
,,
,,
,,
,,
,,
,,
,,
,,
,,
,,
,,
,,
,,
,,
,,
,,
,,
,,
,,
,,
,,
,,
,,
,,
,,
,,
,,
,,
,,
,,
,,
,,
,,
,,
,,
,,
,,
,,
,,
,,
,,
,,
,,
,,
,,
,,
,,
,,
,,
,,
,,
,,
,,
,,
,,
,,
,,
,,
,,
,,
,,
,,
,,
,,
,,
,,
,,
,,
,,
,,
,,
,,
,,
,,
,,
,,
,,
,,
,,
,,
,,
,,
,,
,,
,,
,,
,,
,,
,,
,,
,,
,,
,,
,,
,,
,,
,,
,,
,,
,,
,,
,,
,,
,,
,,
,,
,,
,,
,,
,,
,,
,,
,,
,,
,,
,,
,,
,,
,,
,,
,,
,,
,,
,,
,,
,,
,,
,,
,,
,,
,,
,,
,,
,,
,,
,,
,,
,,
,,
,,
,,
,,
,,
,,
,,
,,
,,
,,
,,
,,
,,
,,
,,
,,
,,
,,
,,
,,
,,
,,
,,
,,
,,
,,
,,
,,
,,
,,
,,
,,
,,
,,
,,
,,
,,
,,
,,
,,
,,
,,
,,
,,
,,
,,
,,
,,
,,
,,
,,
,,
,,
,,
,,
,,
,,
,,
,,
,,
,,
,,
,,
,,
,,
,,
,,
,,
,,
,,
,,
,,
,,
,,
,,
,,
,,
,,
,,
,,
,,
,,
,,
,,
,,
,,
,,
,,
,,
,,
,,
,,
,,
,,
,,
,,
,,
,,
,,
,,
,,
,,
,,
,,
,,
,,
,,
,,
,,
,,
,,
,,
,,
,,
,,
,,
,,
,,
,,
,,
,,
,,
,,
,,
,,
,,
,,
,,
,,
,,
,,
,,
,,
,,
,,
,,
,,
,,
,,
,,
,,
,,
,,
,,
,,
,,
,,
,,
,,
,,
,,
,,
,,
,,
,,
,,
,,
,,
,,
,,
,,
,,
,,
,,
,,
,,
,,
,,
,,
,,
,,
,,
,,
,,
,,
,,
,,
,,
,,
,,
,,
,,
,,
,,
,,
,,
,,
,,
,,
,,
,,
,,
,,
,,
,,
,,
,,
,,
,,
,,
,,
,,
,,
,,
,,
,,
,,
,,
,,
,,
,,
,,
,,
,,
,,
,,
,,
,,
,,
,,
,,
,,
,,
,,
,,
,,
,,
,,
,,
,,
,,
,,
,,
,,
,,
,,
,,
,,
,,
,,
,,
,,
,,
,,
,,
,,
,,
,,
,,
,,
,,
,,
,,
,,
,,
,,
,,
,,
,,
,,
,,
,,
,,
,,
,,
,,
,,
,,
,,
,,
,,
,,
,,
,,
,,
,,
,,
,,
,,
,,
,,
,,
,,
,,
,,
,,
,,
,,
,,
,,
,,
,,
,,
,,
,,
,,
,,
,,
,,
,,
,,
,,
,,
,,
,,
,,
,,
,,
,,
,,
,,
,,
,,
,,
,,
,,
,,
,,
,,
,,
,,
,,
,,
,,
,,
,,
,,
,,
,,
,,
,,
,,
,,
,,
,,
,,
,,
,,
,,
,,
,,
,,
,,
,,
,,
,,
,,
,,
,,
,,
,,
,,
,,
,,
,,
,,
,,
,,
,,
,,
,,
,,
,,
,,
,,
,,
,,
,,
,,
,,
,,
,,
,,
,,
,,
,,
,,
,,
,,
,,
,,
,,
,,
,,
,,
,,
,,
,,
,,
,,
,,
,,
,,
,,
,,
,,
,,
,,
,,
,,
,,
,,
,,
,,
,,
,,
,,
,,
,,
,,
,,
,,
,,
,,
,,
,,
,,
,,
,,
,,
,,
,,
,,
,,
,,
,,
,,
,,
,,
,,
,,
,,
,,
,,
,,
,,
,,
,,
,,
,,
,,
,,
,,
,,
,,
,,
,,
,,
,,
,,
,,
,,
,,
,,
,,
,,
,,
,,
,,
,,
,,
,,
,,
,,
,,
,,
,,
,,
,,
,,
,,
,,
,,
,,
,,
,,
,,
,,
,,
,,
,,
,,
,,
,,
,,
,,
,,
,,
,,
,,
,,
,,
,,
,,
,,
,,
,,
,,
,,
,,
,,
,,
,,
,,
,,
,,
,,
,,
,,
,,
,,
,,
,,
,,
,,
,,
,,
,,
,,
,,
,,
,,
,,
,,
,,
,,
,,
,,
,,
,,
,,
,,
,,
,,
,,
,,
,,
,,
,,
,,
,,
,,
,,
,,
,,
,,
,,
,,
,,
,,
,,
,,
,,
,,
,,
,,
,,
,,
,,
,,
,,
,,
,,
,,
,,
,,
,,
,,
,,
,,
,,
,,
,,
,,
,,
,,
,,
,,
,,
,,
,,
,,
,,
,,
,,
,,
,,
,,
,,
,,
,,
,,
,,
,,
,,
,,
,,
,,
,,
,,
,,
,,
,,
,,
,,
,,
,,
,,
,,
,,
,,
,,
,,
,,
,,
,,
,,
,,
,,
,,
,,
,,
,,
,,
,,
,,
,,
,,
,,
,,
,,
,,
,,
,,
,,
,,
,,
,,
,,
,,
,,
,,
,,
,,
,,
,,
,,
,,
,,
,,
,,
,,
,,
,,
,,
,,
,,
,,
,,
,,
,,
,,
,,
,,
,,
,,
,,
,,
,,
,,
,,
,,
,,
,,
,,
,,
,,
,,
,,
,,
,,
,,
,,
,,
,,
,,
,,
,,
,,
,,
,,
,,
,,
,,
,,
,,
,,
,,
,,
,,
,,
,,
,,
,,
,,
,,
,,
,,
,,
,,
,,
,,
,,
,,
,,
,,
,,
,,
,,
,,
,,
,,
,,
,,
,,
,,
,,
,,
,,
,,
,,
,,
,,
,,
,,
,,
,,
,,
,,
,,
,,
,,
,,
,,
,,
,,
,,
,,
,,
,,
,,
,,
,,
,,
,,
,,
,,
,,
,,
,,
,,
,,
,,
,,
,,
,,
,,
,,
,,
,,
,,
,,
,,
,,
,,
,,
,,
,,
,,
,,
,,
,,
,,
,,
,,
,,
,,
,,
,,
,,
,,
,,
,,
,,
,,
,,
,,
,,
,,
,,
,,
,,
,,
,,
,,
,,
,,
,,
,,
,,
,,
,,
,,
,,
,,
,,
,,
,,
,,
,,
,,
,,
,,
,,
,,
,,
,,
,,
,,
,,
,,
,,
,,
,,
,,
,,
,,
,,
,,
,,
,,
,,
,,
,,
,,
,,
,,
,,
,,
,,
,,
,,
,,
,,
,,
,,
,,
,,
,,
,,
,,
,,
,,
,,
,,
,,
,,
,,
,,
,,
,,
,,
,,
,,
,,
,,
,,
,,
,,
,,
,,
,,
,,
,,
,,
,,
,,
,,
,,
,,
,,
,,
,,
,,
,,
,,
,,
,,
,,
,,
,,
,,
,,
,,
,,
,,
,,
,,
,,
,,
,,
,,
,,
,,
,,
,,
,,
,,
,,
,,
,,
,,
,,
,,
,,
,,
,,
,,
,,
,,
,,
,,
,,
,,
,,
,,
,,
,,
,,
,,
,,
,,
,,
,,
,,
,,
,,
,,
,,
,,
,,
,,
,,
,,
,,
,,
,,
,,
,,
,,
,,
,,
,,
,,
,,
,,
,,
,,
,,
,,
,,
,,
,,
,,
,,
,,
,,
,,
,,
,,
,,
,,
,,
,,
,,
,,
,,
,,
,,
,,
,,
,,
,,
,,
,,
,,
,,
,,
,,
,,
,,
,,
,,
,,
,,
,,
,,
,,
,,
,,
,,
,,
,,
,,
,,
,,
,,
,,
,,
,,
,,
,,
,,
,,
,,
,,
,,
,,
,,
,,
,,
,,
,,
,,
,,
,,
,,
,,
,,
,,
,,
,,
,,
,,
,,
,,
,,
,,
,,
,,
,,
,,
,,
,,
,,
,,
,,
,,
,,
,,
,,
,,
,,
,,
,,
,,
,,
,,
,,
,,
,,
,,
,,
,,
,,
,,
,,
,,
,,
,,
,,
,,
,,
,,
,,
,,
,,
,,
,,
,,
,,
,,
,,
,,
,,
,,
,,
,,
,,
,,
,,
,,
,,
,,
,,
,,
,,
,,
,,
,,
,,
,,
,,
,,
,,
,,
,,
,,
,,
,,
,,
,,
,,
,,
,,
,,
,,
,,
,,
,,
,,
,,
,,
,,
,,
,,
,,
,,
,,
,,
,,
,,
,,
,,
,,
,,
,,
,,
,,
,,
,,
,,
,,
,,
,,
,,
,,
,,
,,
,,
,,
,,
,,
,,
,,
,,
,,
,,
,,
,,
,,
,,
,,
,,
,,
,,
,,
,,
,,
,,
,,
,,
,,
,,
,,
,,
,,
,,
,,
,,
,,
,,
,,
,,
,,
,,
,,
,,
,,
,,
,,
,,
,,
,,
,,
,,
,,
,,
,,
,,
,,
,,
,,
,,
,,
,,
,,
,,
,,
,,
,,
,,
,,
,,
,,
,,
,,
,,
,,
,,
,,
,,
,,
,,
,,
,,
,,
,,
,,
,,
,,
,,
,,
,,
,,
,,
,,
,,
,,
,,
,,
,,
,,
,,
,,
,,
,,
,,
,,
,,
,,
,,
,,
,,
,,
,,
,,
,,
,,
,,
,,
,,
,,
,,
,,
,,
,,
,,
,,
,,
,,
,,
,,
,,
,,
,,
,,
,,
,,
,,
,,
,,
,,
,,
,,
,,
,,
,,
,,
,,
,,
,,
,,
,,
,,
,,
,,
,,
,,
,,
,,
,,
,,
,,
,,
,,
,,
,,
,,
,,
,,
,,
,,
,,
,,
,,
,,
,,
,,
,,
,,
,,
,,
,,
,,
,,
,,
,,
,,
,,
,,
,,
,,
,,
,,
,,
,,
,,
,,
,,
,,
,,
,,
,,
,,
,,
,,
,,
,,
,,
,,
,,
,,
,,
,,
,,
,,
,,
,,
,,
,,
,,
,,
,,
,,
,,
,,
,,
,,
,,
,,
,,
,,
,,
,,
,,
,,
,,
,,
,,
,,
,,
,,
,,
,,
,,
,,
,,
,,
,,
,,
,,
,,
,,
,,
,,
,,
,,
,,
,,
,,
,,
,,
,,
,,
,,
,,
,,
,,
,,
,,
,,
,,
,,
,,
,,
,,
,,
,,
,,
,,
,,
,,
,,
,,
,,
,,
,,
,,
,,
,,
,,
,,
,,
,,
,,
,,
,,
,,
,,
,,
,,
,,
,,
,,
,,
,,
,,
,,
,,
,,
,,
,,
,,
,,
,,
,,
,,
,,
,,
,,
,,
,,
,,
,,
,,
,,
,,
,,
,,
,,
,,
,,
,,
,,
,,
,,
,,
,,
,,
,,
,,
,,
,,
,,
,,
,,
,,
,,
,,
,,
,,
,,
,,
,,
,,
,,
,,
,,
,,
,,
,,
,,
,,
,,
,,
,,
,,
,,
,,
,,
,,
,,
,,
,,
,,
,,
,,
,,
,,
,,
,,
,,
,,
,,
,,
,,
,,
,,
,,
,,
,,
,,
,,
,,
,,
,,
,,
,,
,,
,,
,,
,,
,,
,,
,,
,,
,,
,,
,,
,,
,,
,,
,,
,,
,,
,,
,,
,,
,,
,,
,,
,,
,,
,,
,,
,,
,,
,,
,,
,,
,,
,,
,,
,,
,,
,,
,,
,,
,,
,,
,,
,,
,,
,,
,,
,,
,,
,,
,,
,,
,,
,,
,,
,,
,,
,,
,,
,,
,,
,,
,,
,,
,,
,,
,,
,,
,,
,,
,,
,,
,,
,,
,,
,,
,,
,,
,,
,,
,,
,,
,,
,,
,,
,,
,,
,,
,,
,,
,,
,,
,,
,,
,,
,,
,,
,,
,,
,,
,,
,,
,,
,,
,,
,,
,,
,,
,,
,,
,,
,,
,,
,,
,,
,,
,,
,,
,,
,,
,,
,,
,,
,,
,,
,,
,,
,,
,,
,,
,,
,,
,,
,,
,,
,,
,,
,,
,,
,,
,,
,,
,,
,,
,,
,,
,,
,,
,,
,,
,,
,,
,,
,,
,,
,,
,,
,,
,,
,,
,,
,,
,,
,,
,,
,,
,,
,,
,,
,,
,,
,,
,,
,,
,,
,,
,,
,,
,,
,,
,,
,,
,,
,,
,,
,,
,,
,,
,,
,,
,,
,,
,,
,,
,,
,,
,,
,,
,,
,,
,,
,,
,,
,,
,,
,,
,,
,,
,,
,,
,,
,,
,,
,,
,,
,,
,,
,,
,,
,,
,,
,,
,,
,,
,,
,,
,,
,,
,,
,,
,,
,,
,,
,,
,,
,,
,,
,,
,,
,,
,,
,,
,,
,,
,,
,,
,,
,,
,,
,,
,,
,,
,,
,,
,,
,,
,,
,,
,,
,,
,,
,,
,,
,,
,,
,,
,,
,,
,,
,,
,,
,,
,,
,,
,,
,,
,,
,,
,,
,,
,,
,,
,,
,,
,,
,,
,,
,,
,,
,,
,,
,,
,,
,,
,,
,,
,,
,,
,,
,,
,,
,,
,,
,,
,,
,,
,,
,,
,,
,,
,,
,,
,,
,,
,,
,,
,,
,,
,,
,,
,,
,,
,,
,,
,,
,,
,,
,,
,,
,,
,,
,,
,,
,,
,,
,,
,,
,,
,,
,,
,,
,,
,,
,,
,,
,,
,,
,,
,,
,,
,,
,,
,,
,,
,,
,,
,,
,,
,,
,,
,,
,,
,,
,,
,,
,,
,,
,,
,,
,,
,,
,,
,,
,,
,,
,,
,,
,,
,,
,,
,,
,,
,,
,,
,,
,,
,,
,,
,,
,,
,,
,,
,,
,,
,,
,,
,,
,,
,,
,,
,,
,,
,,
,,
,,
,,
,,
,,
,,
,,
,,
,,
,,
,,
,,
,,
,,
,,
,,
,,
,,
,,
,,
,,
,,
,,
,,
,,
,,
,,
,,
,,
,,
,,
,,
,,
,,
,,
,,
,,
,,
,,
,,
,,
,,
,,
,,
,,
,,
,,
,,
,,
,,
,,
,,
,,
,,
,,
,,
,,
,,
,,
,,
,,
,,
,,
,,
,,
,,
,,
,,
,,
,,
,,
,,
,,
,,
,,
,,
,,
,,
,,
,,
,,
,,
,,
,,
,,
,,
,,
,,
,,
,,
,,
,,
,,
,,
,,
,,
,,
,,
,,
,,
,,
,,
,,
,,
,,
,,
,,
,,
,,
,,
,,
,,
,,
,,
,,
,,
,,
,,
,,
,,
,,
,,
,,
,,
,,
,,
,,
,,
,,
,,
,,
,,
,,
,,
,,
,,
,,
,,
,,
,,
,,
,,
,,
,,
,,
,,
,,
,,
,,
,,
,,
,,
,,
,,
,,
,,
,,
,,
,,
,,
,,
,,
,,
,,
,,
,,
,,
,,
,,
,,
,,
,,
,,
,,
,,
,,
,,
,,
,,
,,
,,
,,
,,
,,
,,
,,
,,
,,
,,
,,
,,
,,
,,
,,
,,
,,
,,
,,
,,
,,
,,
,,
,,
,,
,,
,,
,,
,,
,,
,,
,,
,,
,,
,,
,,
,,
,,
,,
,,
,,
,,
,,
,,
,,
,,
,,
,,
,,
,,
,,
,,
,,
,,
,,
,,
,,
,,
,,
,,
,,
,,
,,
,,
,,
,,
,,
,,
,,
,,
,,
,,
,,
,,
,,
,,
,,
,,
,,
,,
,,
,,
,,
,,
,,
,,
,,
,,
,,
,,
,,
,,
,,
,,
,,
,,
,,
,,
,,
,,
,,
,,
,,
,,
,,
,,
,,
,,
,,
,,
,,
,,
,,
,,
,,
,,
,,
,,
,,
,,
,,
,,
,,
,,
,,
,,
,,
,,
,,
,,
,,
,,
,,
,,
,,
,,
,,
,,
,,
,,
,,
,,
,,
,,
,,
,,
,,
,,
,,
,,
,,
,,
,,
,,
,,
,,
,,
,,
,,
,,
,,
,,
,,
,,
,,
,,
,,
,,
,,
,,
,,
,,
,,
,,
,,
,,
,,
,,
,,
,,
,,
,,
,,
,,
,,
,,
,,
,,
,,
,,
,,
,,
,,
,,
,,
,,
,,
,,
,,
,,
,,
,,
,,
,,
,,
,,
,,
,,
,,
,,
,,
,,
,,
,,
,,
,,
,,
,,
,,
,,
,,
,,
,,
,,
,,
,,
,,
,,
,,
,,
,,
,,
,,
,,
,,
,,
,,
,,
,,
,,
,,
,,
,,
,,
,,
,,
,,
,,
,,
,,
,,
,,
,,
,,
,,
,,
,,
,,
,,
,,
,,
,,
,,
,,
,,
,,
,,
,,
,,
,,
,,
,,
,,
,,
,,
,,
,,
,,
,,
,,
,,
,,
,,
,,
,,
,,
,,
,,
,,
,,
,,
,,
,,
,,
,,
,,
,,
,,
,,
,,
,,
,,
,,
,,
,,
,,
,,
,,
,,
,,
,,
,,
,,
,,
,,
,,
,,
,,
,,
,,
,,
,,
,,
,,
,,
,,
,,
,,
,,
,,
,,
,,
,,
,,
,,
,,
,,
,,
,,
,,
,,
,,
,,
,,
,,
,,
,,
,,
,,
,,
,,
,,
,,
,,
,,
,,
,,
,,
,,
,,
,,
,,
,,
,,
,,
,,
,,
,,
,,
,,
,,
,,
,,
,,
,,
,,
,,
,,
,,
,,
,,
,,
,,
,,
,,
,,
,,
,,
,,
,,
,,
,,
,,
,,
,,
,,
,,
,,
,,
,,
,,
,,
,,
,,
,,
,,
,,
,,
,,
,,
,,
,,
,,
,,
,,
,,
,,
,,
,,
,,
,,
,,
,,
,,
,,
,,
,,
,,
,,
,,
,,
,,
,,
,,
,,
,,
,,
,,
,,
,,
,,
,,
,,
,,
,,
,,
,,
,,
,,
,,
,,
,,
,,
,,
,,
,,
,,
,,
,,
,,
,,
,,
,,
,,
,,
,,
,,
,,
,,
,,
,,
,,
,,
,,
,,
,,
,,
,,
,,
,,
,,
,,
,,
,,
,,
,,
,,
,,
,,
,,
,,
,,
,,
,,
,,
,,
,,
,,
,,
,,
,,
,,
,,
,,
,,
,,
,,
,,
,,
,,
,,
,,
,,
,,
,,
,,
,,
,,
,,
,,
,,
,,
,,
,,
,,
,,
,,
,,
,,
,,
,,
,,
,,
,,
,,
,,
,,
,,
,,
,,
,,
,,
,,
,,
,,
,,
,,
,,
,,
,,
,,
,,
,,
,,
,,
,,
,,
,,
,,
,,
,,
,,
,,
,,
,,
,,
,,
,,
,,
,,
,,
,,
,,
,,
,,
,,
,,
,,
,,
,,
,,
,,
,,
,,
,,
,,
,,
,,
,,
,,
,,
,,
,,
,,
,,
,,
,,
,,
,,
,,
,,
,,
,,
,,
,,
,,
,,
,,
,,
,,
,,
,,
,,
,,
,,
,,
,,
,,
,,
,,
,,
,,
,,
,,
,,
,,
,,
,,
,,
,,
,,
,,
,,
,,
,,
,,
,,
,,
,,
,,
,,
,,
,,
,,
,,
,,
,,
,,
,,
,,
,,
,,
,,
,,
,,
,,
,,
,,
,,
,,
,,
,,
,,
,,
,,
,,
,,
,,
,,
,,
,,
,,
,,
,,
,,
,,
,,
,,
,,
,,
,,
,,
,,
,,
,,
,,
,,
,,
,,
,,
,,
,,
,,
,,
,,
,,
,,
,,
,,
,,
,,
,,
,,
,,
,,
,,
,,
,,
,,
,,
,,
,,
,,
,,
,,
,,
,,
,,
,,
,,
,,
,,
,,
,,
,,
,,
,,
,,
,,
,,
,,
,,
,,
,,
,,
,,
,,
,,
,,
,,
,,
,,
,,
,,
,,
,,
,,
,,
,,
,,
,,
,,
,,
,,
,,
,,
,,
,,
,,
,,
,,
,,
,,
,,
,,
,,
,,
,,
,,
,,
,,
,,
,,
,,
,,
,,
,,
,,
,,
,,
,,
,,
,,
,,
,,
,,
,,
,,
,,
,,
,,
,,
,,
,,
,,
,,
,,
,,
,,
,,
,,
,,
,,
,,
,,
,,
,,
,,
,,
,,
,,
,,
,,
,,
,,
,,
,,
,,
,,
,,
,,
,,
,,
,,
,,
,,
,,
,,
,,
,,
,,
,,
,,
,,
,,
,,
,,
,,
,,
,,
,,
,,
,,
,,
,,
,,
,,
,,
,,
,,
,,
,,
,,
,,
,,
,,
,,
,,
,,
,,
,,
,,
,,
,,
,,
,,
,,
,,
,,
,,
,,
,,
,,
,,
,,
,,
,,
,,
,,
,,
,,
,,
,,
,,
,,
,,
,,
,,
,,
,,
,,
,,
,,
,,
,,
,,
,,
,,
,,
,,
,,
,,
,,
,,
,,
,,
,,
,,
,,
,,
,,
,,
,,
,,
,,
,,
,,
,,
,,
,,
,,
,,
,,
,,
,,
,,
,,
,,
,,
,,
,,
,,
,,
,,
,,
,,
,,
,,
,,
,,
,,
,,
,,
,,
,,
,,
,,
,,
,,
,,
,,
,,
,,
,,
,,
,,
,,
,,
,,
,,
,,
,,
,,
,,
,,
,,
,,
,,
,,
,,
,,
,,
,,
,,
,,
,,
,,
,,
,,
,,
,,
,,
,,
,,
,,
,,
,,
,,
,,
,,
,,
,,
,,
,,
,,
,,
,,
,,
,,
,,
,,
,,
,,
,,
,,
,,
,,
,,
,,
,,
,,
,,
,,
,,
,,
,,
,,
,,
,,
,,
,,
,,
,,
,,
,,
,,
,,
,,
,,
,,
,,
,,
,,
,,
,,
,,
,,
,,
,,
,,
,,
,,
,,
,,
,,
,,
,,
,,
,,
,,
,,
,,
,,
,,
,,
,,
,,
,,
,,
,,
,,
,,
,,
,,
,,
,,
,,
,,
,,
,,
,,
,,
,,
,,
,,
,,
,,
,,
,,
,,
,,
,,
,,
,,
,,
,,
,,
,,
,,
,,
,,
,,
,,
,,
,,
,,
,,
,,
,,
,,
,,
,,
,,
,,
,,
,,
,,
,,
,,
,,
,,
,,
,,
,,
,,
,,
,,
,,
,,
,,
,,
,,
,,
,,
,,
,,
,,
,,
,,
,,
,,
,,
,,
,,
,,
,,
,,
,,
,,
,,
,,
,,
,,
,,
,,
,,
,,
,,
,,
,,
,,
,,
,,
,,
,,
,,
,,
,,
,,
,,
,,
,,
,,
,,
,,
,,
,,
,,
,,
,,
,,
,,
,,
,,
,,
,,
,,
,,
,,
,,
,,
,,
,,
,,
,,
,,
,,
,,
,,
,,
,,
,,
,,
,,
,,
,,
,,
,,
,,
,,
,,
,,
,,
,,
,,
,,
,,
,,
,,
,,
,,
,,
,,
,,
,,
,,
,,
,,
,,
,,
,,
,,
,,
,,
,,
,,
,,
,,
,,
,,
,,
,,
,,
,,
,,
,,
,,
,,
,,
,,
,,
,,
,,
,,
,,
,,
,,
,,
,,
,,
,,
,,
,,
,,
,,
,,
,,
,,
,,
,,
,,
,,
,,
,,
,,
,,
,,
,,
,,
,,
,,
,,
,,
,,
,,
,,
,,
,,
,,
,,
,,
,,
,,
,,
,,
,,
,,
,,
,,
,,
,,
,,
,,
,,
,,
,,
,,
,,
,,
,,
,,
,,
,,
,,
,,
,,
,,
,,
,,
,,
,,
,,
,,
,,
,,
,,
,,
,,
,,
,,
,,
,,
,,
,,
,,
,,
,,
,,
,,
,,
,,
,,
,,
,,
,,
,,
,,
,,
,,
,,
,,
,,
,,
,,
,,
,,
,,
,,
,,
,,
,,
,,
,,
,,
,,
,,
,,
,,
,,
,,
,,
,,
,,
,,
,,
,,
,,
,,
,,
,,
,,
,,
,,
,,
,,
,,
,,
,,
,,
,,
,,
,,
,,
,,
,,
,,
,,
,,
,,
,,
,,
,,
,,
,,
,,
,,
,,
,,
,,
,,
,,
,,
,,
,,
,,
,,
,,
,,
,,
,,
,,
,,
,,
,,
,,
,,
,,
,,
,,
,,
,,
,,
,,
,,
,,
,,
,,
,,
,,
,,
,,
,,
,,
,,
,,
,,
,,
,,
,,
,,
,,
,,
,,
,,
,,
,,
,,
,,
,,
,,
,,
,,
,,
,,
,,
,,
,,
,,
,,
,,
,,
,,
,,
,,
,,
,,
,,
,,
,,
,,
,,
,,
,,
,,
,,
,,
,,
,,
,,
,,
,,
,,
,,
,,
,,
,,
,,
,,
,,
,,
,,
,,
,,
,,
,,
,,
,,
,,
,,
,,
,,
,,
,,
,,
,,
,,
,,
,,
,,
,,
,,
,,
,,
,,
,,
,,
,,
,,
,,
,,
,,
,,
,,
,,
,,
,,
,,
,,
,,
,,
,,
,,
,,
,,
,,
,,
,,
,,
,,
,,
,,
,,
,,
,,
,,
,,
,,
,,
,,
,,
,,
,,
,,
,,
,,
,,
,,
,,
,,
,,
,,
,,
,,
,,
,,
,,
,,
,,
,,
,,
,,
,,
,,
,,
,,
,,
,,
,,
,,
,,
,,
,,
,,
,,
,,
,,
,,
,,
,,
,,
,,
,,
,,
,,
,,
,,
,,
,,
,,
,,
,,
,,
,,
,,
,,
,,
,,
,,
,,
,,
,,
,,
,,
,,
,,
,,
,,
,,
,,
,,
,,
,,
,,
,,
,,
,,
,,
,,
,,
,,
,,
,,
,,
,,
,,
,,
,,
,,
,,
,,
,,
,,
,,
,,
,,
,,
,,
,,
,,
,,
,,
,,
,,
,,
,,
,,
,,
,,
,,
,,
,,
,,
,,
,,
,,
,,
,,
,,
,,
,,
,,
,,
,,
,,
,,
,,
,,
,,
,,
,,
,,
,,
,,
,,
,,
,,
,,
,,
,,
,,
,,
,,
,,
,,
,,
,,
,,
,,
,,
,,
,,
,,
,,
,,
,,
,,
,,
,,
,,
,,
,,
,,
,,
,,
,,
,,
,,
,,
,,
,,
,,
,,
,,
,,
,,
,,
,,
,,
,,
,,
,,
,,
,,
,,
,,
,,
,,
,,
,,
,,
,,
,,
,,
,,
,,
,,
,,
,,
,,
,,
,,
,,
,,
,,
,,
,,
,,
,,
,,
,,
,,
,,
,,
,,
,,
,,
,,
,,
,,
,,
,,
,,
,,
,,
,,
,,
,,
,,
,,
,,
,,
,,
,,
,,
,,
,,
,,
,,
,,
,,
,,
,,
,,
,,
,,
,,
,,
,,
,,
,,
,,
,,
,,
,,
,,
,,
,,
,,
,,
,,
,,
,,
,,
,,
,,
,,
,,
,,
,,
,,
,,
,,
,,
,,
,,
,,
,,
,,
,,
,,
,,
,,
,,
,,
,,
,,
,,
,,
,,
,,
,,
,,
,,
,,
,,
,,
,,
,,
,,
,,
,,
,,
,,
,,
,,
,,
,,
,,
,,
,,
,,
,,
,,
,,
,,
,,
,,
,,
,,
,,
,,
,,
,,
,,
,,
,,
,,
,,
,,
,,
,,
,,
,,
,,
,,
,,
,,
,,
,,
,,
,,
,,
,,
,,
,,
,,
,,
,,
,,
,,
,,
,,
,,
,,
,,
,,
,,
,,
,,
,,
,,
,,
,,
,,
,,
,,
,,
,,
,,
,,
,,
,,
,,
,,
,,
,,
,,
,,
,,
,,
,,
,,
,,
,,
,,
,,
,,
,,
,,
,,
,,
,,
,,
,,
,,
,,
,,
,,
,,
,,
,,
,,
,,
,,
,,
,,
,,
,,
,,
,,
,,
,,
,,
,,
,,
,,
,,
,,
,,
,,
,,
,,
,,
,,
,,
,,
,,
,,
,,
,,
,,
,,
,,
,,
,,
,,
,,
,,
,,
,,
,,
,,
,,
,,
,,
,,
,,
,,
,,
,,
,,
,,
,,
,,
,,
,,
,,
,,
,,
,,
,,
,,
,,
,,
,,
,,
,,
,,
,,
,,
,,
,,
,,
,,
,,
,,
,,
,,
,,
,,
,,
,,
,,
,,
,,
,,
,,
,,
,,
,,
,,
,,
,,
,,
,,
,,
,,
,,
,,
,,
,,
,,
,,
,,
,,
,,
,,
,,
,,
,,
,,
,,
,,
,,
,,
,,
,,
,,
,,
,,
,,
,,
,,
,,
,,
,,
,,
,,
,,
,,
,,
,,
,,
,,
,,
,,
,,
,,
,,
,,
,,
,,
,,
,,
,,
,,
,,
,,
,,
,,
,,
,,
,,
,,
,,
,,
,,
,,
,,
,,
,,
,,
,,
,,
,,
,,
,,
,,
,,
,,
,,
,,
,,
,,
,,
,,
,,
,,
,,
,,
,,
,,
,,
,,
,,
,,
,,
,,
,,
,,
,,
,,
,,
,,
,,
,,
,,
,,
,,
,,
,,
,,
,,
,,
,,
,,
,,
,,
,,
,,
,,
,,
,,
,,
,,
,,
,,
,,
,,
,,
,,
,,
,,
,,
,,
,,
,,
,,
,,
,,
,,
,,
,,
,,
,,
,,
,,
,,
,,
,,
,,
,,
,,
,,
,,
,,
,,
,,
,,
,,
,,
,,
,,
,,
,,
,,
,,
,,
,,
,,
,,
,,
,,
,,
,,
,,
,,
,,
,,
,,
,,
,,
,,
,,
,,
,,
,,
,,
,,
,,
,,
,,
,,
,,
,,
,,
,,
,,
,,
,,
,,
,,
,,
,,
,,
,,
,,
,,
,,
,,
,,
,,
,,
,,
,,
,,
,,
,,
,,
,,
,,
,,
,,
,,
,,
,,
,,
,,
,,
,,
,,
,,
,,
,,
,,
,,
,,
,,
,,
,,
,,
,,
,,
,,
,,
,,
,,
,,
,,
,,
,,
,,
,,
,,
,,
,,
,,
,,
,,
,,
,,
,,
,,
,,
,,
,,
,,
,,
,,
,,
,,
,,
,,
,,
,,
,,
,,
,,
,,
,,
,,
,,
,,
,,
,,
,,
,,
,,
,,
,,
,,
,,
,,
,,
,,
,,
,,
,,
,,
,,
,,
,,
,,
,,
,,
,,
,,
,,
,,
,,
,,
,,
,,
,,
,,
,,
,,
,,
,,
,,
,,
,,
,,
,,
,,
,,
,,
,,
,,
,,
,,
,,
,,
,,
,,
,,
,,
,,
,,
,,
,,
,,
,,
,,
,,
,,
,,
,,
,,
,,
,,
,,
,,
,,
,,
,,
,,
,,
,,
,,
,,
,,
,,
,,
,,
,,
,,
,,
,,
,,
,,
,,
,,
,,
,,
,,
,,
,,
,,
,,
,,
,,
,,
,,
,,
,,
,,
,,
,,
,,
,,
,,
,,
,,
,,
,,
,,
,,
,,
,,
,,
,,
,,
,,
,,
,,
,,
,,
,,
,,
,,
,,
,,
,,
,,
,,
,,
,,
,,
,,
,,
,,
,,
,,
,,
,,
,,
,,
,,
,,
,,
,,
,,
,,
,,
,,
,,
,,
,,
,,
,,
,,
,,
,,
,,
,,
,,
,,
,,
,,
,,
,,
,,
,,
,,
,,
,,
,,
,,
,,
,,
,,
,,
,,
,,
,,
,,
,,
,,
,,
,,
,,
,,
,,
,,
,,
,,
,,
,,
,,
,,
,,
,,
,,
,,
,,
,,
,,
,,
,,
,,
,,
,,
,,
,,
,,
,,
,,
,,
,,
,,
,,
,,
,,
,,
,,
,,
,,
,,
,,
,,
,,
,,
,,
,,
,,
,,
,,
,,
,,
,,
,,
,,
,,
,,
,,
,,
,,
,,
,,
,,
,,
,,
,,
,,
,,
,,
,,
,,
,,
,,
,,
,,
,,
,,
,,
,,
,,
,,
,,
,,
,,
,,
,,
,,
,,
,,
,,
,,
,,
,,
,,
,,
,,
,,
,,
,,
,,
,,
,,
,,
,,
,,
,,
,,
,,
,,
,,
,,
,,
,,
,,
,,
,,
,,
,,
,,
,,
,,
,,
,,
,,
,,
,,
,,
,,
,,
,,
,,
,,
,,
,,
,,
,,
,,
,,
,,
,,
,,
,,
,,
,,
,,
,,
,,
,,
,,
,,
,,
,,
,,
,,
,,
,,
,,
,,
,,
,,
,,
,,
,,
,,
,,
,,
,,
,,
,,
,,
,,
,,
,,
,,
,,
,,
,,
,,
,,
,,
,,
,,
,,
,,
,,
,,
,,
,,
,,
,,
,,
,,
,,
,,
,,
,,
,,
,,
,,
,,
,,
,,
,,
,,
,,
,,
,,
,,
,,
,,
,,
,,
,,
,,
,,
,,
,,
,,
,,
,,
,,
,,
,,
,,
,,
,,
,,
,,
,,
,,
,,
,,
,,
,,
,,
,,
,,
,,
,,
,,
,,
,,
,,
,,
,,
,,
,,
,,
,,
,,
,,
,,
,,
,,
,,
,,
,,
,,
,,
,,
,,
,,
,,
,,
,,
,,
,,
,,
,,
,,
,,
,,
,,
,,
,,
,,
,,
,,
,,
,,
,,
,,
,,
,,
,,
,,
,,
,,
,,
,,
,,
,,
,,
,,
,,
,,
,,
,,
,,
,,
,,
,,
,,
,,
,,
,,
,,
,,
,,
,,
,,
,,
,,
,,
,,
,,
,,
,,
,,
,,
,,
,,
,,
,,
,,
,,
,,
,,
,,
,,
,,
,,
,,
,,
,,
,,
,,
,,
,,
,,
,,
,,
,,
,,
,,
,,
,,
,,
,,
,,
,,
,,
,,
,,
,,
,,
,,
,,
,,
,,
,,
,,
,,
,,
,,
,,
,,
,,
,,
,,
,,
,,
,,
,,
,,
,,
,,
,,
,,
,,
,,
,,
,,
,,
,,
,,
,,
,,
,,
,,
,,
,,
,,
,,
,,
,,
,,
,,
,,
,,
,,
,,
,,
,,
,,
,,
,,
,,
,,
,,
,,
,,
,,
,,
,,
,,
,,
,,
,,
,,
,,
,,
,,
,,
,,
,,
,,
,,
,,
,,
,,
,,
,,
,,
,,
,,
,,
,,
,,
,,
,,
,,
,,
,,
,,
,,
,,
,,
,,
,,
,,
,,
,,
,,
,,
,,
,,
,,
,,
,,
,,
,,
,,
,,
,,
,,
,,
,,
,,
,,
,,
,,
,,
,,
,,
,,
,,
,,
,,
,,
,,
,,
,,
,,
,,
,,
,,
,,
,,
,,
,,
,,
,,
,,
,,
,,
,,
,,
,,
,,
,,
,,
,,
,,
,,
,,
,,
,,
,,
,,
,,
,,
,,
,,
,,
,,
,,
,,
,,
,,
,,
,,
,,
,,
,,
,,
,,
,,
,,
,,
,,
,,
,,
,,
,,
,,
,,
,,
,,
,,
,,
,,
,,
,,
,,
,,
,,
,,
,,
,,
,,
,,
,,
,,
,,
,,
,,
,,
,,
,,
,,
,,
,,
,,
,,
,,
,,
,,
,,
,,
,,
,,
,,
,,
,,
,,
,,
,,
,,
,,
,,
,,
,,
,,
,,
,,
,,
,,
,,
,,
,,
,,
,,
,,
,,
,,
,,
,,
,,
,,
,,
,,
,,
,,
,,
,,
,,
,,
,,
,,
,,
,,
,,
,,
,,
,,
,,
,,
,,
,,
,,
,,
,,
,,
,,
,,
,,
,,
,,
,,
,,
,,
,,
,,
,,
,,
,,
,,
,,
,,
,,
,,
,,
,,
,,
,,
,,
,,
,,
,,
,,
,,
,,
,,
,,
,,
,,
,,
,,
,,
,,
,,
,,
,,
,,
,,
,,
,,
,,
,,
,,
,,
,,
,,
,,
,,
,,
,,
,,
,,
,,
,,
,,
,,
,,
,,
,,
,,
,,
,,
,,
,,
,,
,,
,,
,,
,,
,,
,,
,,
,,
,,
,,
,,
,,
,,
,,
,,
,,
,,
,,
,,
,,
,,
,,
,,
,,
,,
,,
,,
,,
,,
,,
,,
,,
,,
,,
,,
,,
,,
,,
,,
,,
,,
,,
,,
,,
,,
,,
,,
,,
,,
,,
,,
,,
,,
,,
,,
,,
,,
,,
,,
,,
,,
,,
,,
,,
,,
,,
,,
,,
,,
,,
,,
,,
,,
,,
,,
,,
,,
,,
,,
,,
,,
,,
,,
,,
,,
,,
,,
,,
,,
,,
,,
,,
,,
,,
,,
,,
,,
,,
,,
,,
,,
,,
,,
,,
,,
,,
,,
,,
,,
,,
,,
,,
,,
,,
,,
,,
,,
,,
,,
,,
,,
,,
,,
,,
,,
,,
,,
,,
,,
,,
,,
,,
,,
,,
,,
,,
,,
,,
,,
,,
,,
,,
,,
,,
,,
,,
,,
,,
,,
,,
,,
,,
,,
,,
,,
,,
,,
,,
,,
,,
,,
,,
,,
,,
,,
,,
,,
,,
,,
,,
,,
,,
,,
,,
,,
,,
,,
,,
,,
,,
,,
,,
,,
,,
,,
,,
,,
,,
,,
,,
,,
,,
,,
,,
,,
,,
,,
,,
,,
,,
,,
,,
,,
,,
,,
,,
,,
,,
,,
,,
,,
,,
,,
,,
,,
,,
,,
,,
,,
,,
,,
,,
,,
,,
,,
,,
,,
,,
,,
,,
,,
,,
,,
,,
,,
,,
,,
,,
,,
,,
,,
,,
,,
,,
,,
,,
,,
,,
,,
,,
,,
,,
,,
,,
,,
,,
,,
,,
,,
,,
,,
,,
,,
,,
,,
,,
,,
,,
,,
,,
,,
,,
,,
,,
,,
,,
,,
,,
,,
,,
,,
,,
,,
,,
,,
,,
,,
,,
,,
,,
,,
,,
,,
,,
,,
,,
,,
,,
,,
,,
,,
,,
,,
,,
,,
,,
,,
,,
,,
,,
,,
,,
,,
,,
,,
,,
,,
,,
,,
,,
,,
,,
,,
,,
,,
,,
,,
,,
,,
,,
,,
,,
,,
,,
,,
,,
,,
,,
,,
,,
,,
,,
,,
,,
,,
,,
,,
,,
,,
,,
,,
,,
,,
,,
,,
,,
,,
,,
,,
,,
,,
,,
,,
,,
,,
,,
,,
,,
,,
,,
,,
,,
,,
,,
,,
,,
,,
,,
,,
,,
,,
,,
,,
,,
,,
,,
,,
,,
,,
,,
,,
,,
,,
,,
,,
,,
,,
,,
,,
,,
,,
,,
,,
,,
,,
,,
,,
,,
,,
,,
,,
,,
,,
,,
,,
,,
,,
,,
,,
,,
,,
,,
,,
,,
,,
,,
,,
,,
,,
,,
,,
,,
,,
,,
,,
,,
,,
,,
,,
,,
,,
,,
,,
,,
,,
,,
,,
,,
,,
,,
,,
,,
,,
,,
,,
,,
,,
,,
,,
,,
,,
,,
,,
,,
,,
,,
,,
,,
,,
,,
,,
,,
,,
,,
,,
,,
,,
,,
,,
,,
,,
,,
,,
,,
,,
,,
,,
,,
,,
,,
,,
,,
,,
,,
,,
,,
,,
,,
,,
,,
,,
,,
,,
,,
,,
,,
,,
,,
,,
,,
,,
,,
,,
,,
,,
,,
,,
,,
,,
,,
,,
,,
,,
,,
,,
,,
,,
,,
,,
,,
,,
,,
,,
,,
,,
,,
,,
,,
,,
,,
,,
,,
,,
,,
,,
,,
,,
,,
,,
,,
,,
,,
,,
,,
,,
,,
,,
,,
,,
,,
,,
,,
,,
,,
,,
,,
,,
,,
,,
,,
,,
,,
,,
,,
,,
,,
,,
,,
,,
,,
,,
,,
,,
,,
,,
,,
,,
,,
,,
,,
,,
,,
,,
,,
,,
,,
,,
,,
,,
,,
,,
,,
,,
,,
,,
,,
,,
,,
,,
,,
,,
,,
,,
,,
,,
,,
,,
,,
,,
,,
,,
,,
,,
,,
,,
,,
,,
,,
,,
,,
,,
,,
,,
,,
,,
,,
,,
,,
,,
,,
,,
,,
,,
,,
,,
,,
,,
,,
,,
,,
,,
,,
,,
,,
,,
,,
,,
,,
,,
,,
,,
,,
,,
,,
,,
,,
,,
,,
,,
,,
,,
,,
,,
,,
,,
,,
,,
,,
,,
,,
,,
,,
,,
,,
,,
,,
,,
,,
,,
,,
,,
,,
,,
,,
,,
,,
,,
,,
,,
,,
,,
,,
,,
,,
,,
,,
,,
,,
,,
,,
,,
,,
,,
,,
,,
,,
,,
,,
,,
,,
,,
,,
,,
,,
,,
,,
,,
,,
,,
,,
,,
,,
,,
,,
,,
,,
,,
,,
,,
,,
,,
,,
,,
,,
,,
,,
,,
,,
,,
,,
,,
,,
,,
,,
,,
,,
,,
,,
,,
,,
,,
,,
,,
,,
,,
,,
,,
,,
,,
,,
,,
,,
,,
,,
,,
,,
,,
,,
,,
,,
,,
,,
,,
,,
,,
,,
,,
,,
,,
,,
,,
,,
,,
,,
,,
,,
,,
,,
,,
,,
,,
,,
,,
,,
,,
,,
,,
,,
,,
,,
,,
,,
,,
,,
,,
,,
,,
,,
,,
,,
,,
,,
,,
,,
,,
,,
,,
,,
,,
,,
,,
,,
,,
,,
,,
,,
,,
,,
,,
,,
,,
,,
,,
,,
,,
,,
,,
,,
,,
,,
,,
,,
,,
,,
,,
,,
,,
,,
,,
,,
,,
,,
,,
,,
,,
,,
,,
,,
,,
,,
,,
,,
,,
,,
,,
,,
,,
,,
,,
,,
,,
,,
,,
,,
,,
,,
,,
,,
,,
,,
,,
,,
,,
,,
,,
,,
,,
,,
,,
,,
,,
,,
,,
,,
,,
,,
,,
,,
,,
,,
,,
,,
,,
,,
,,
,,
,,
,,
,,
,,
,,
,,
,,
,,
,,
,,
,,
,,
,,
,,
,,
,,
,,
,,
,,
,,
,,
,,
,,
,,
,,
,,
,,
,,
,,
,,
,,
,,
,,
,,
,,
,,
,,
,,
,,
,,
,,
,,
,,
,,
,,
,,
,,
,,
,,
,,
,,
,,
,,
,,
,,
,,
,,
,,
,,
,,
,,
,,
,,
,,
,,
,,
,,
,,
,,
,,
,,
,,
,,
,,
,,
,,
,,
,,
,,
,,
,,
,,
,,
,,
,,
,,
,,
,,
,,
,,
,,
,,
,,
,,
,,
,,
,,
,,
,,
,,
,,
,,
,,
,,
,,
,,
,,
,,
,,
,,
,,
,,
,,
,,
,,
,,
,,
,,
,,
,,
,,
,,
,,
,,
,,
,,
,,
,,
,,
,,
,,
,,
,,
,,
,,
,,
,,
,,
,,
,,
,,
,,
,,
,,
,,
,,
,,
,,
,,
,,
,,
,,
,,
,,
,,
,,
,,
,,
,,
,,
,,
,,
,,
,,
,,
,,
,,
,,
,,
,,
,,
,,
,,
,,
,,
,,
,,
,,
,,
,,
,,
,,
,,
,,
,,
,,
,,
,,
,,
,,
,,
,,
,,
,,
,,
,,
,,
,,
,,
,,
,,
,,
,,
,,
,,
,,
,,
,,
,,
,,
,,
,,
,,
,,
,,
,,
,,
,,
,,
,,
,,
,,
,,
,,
,,
,,
,,
,,
,,
,,
,,
,,
,,
,,
,,
,,
,,
,,
,,
,,
,,
,,
,,
,,
,,
,,
,,
,,
,,
,,
,,
,,
,,
,,
,,
,,
,,
,,
,,
,,
,,
,,
,,
,,
,,
,,
,,
,,
,,
,,
,,
,,
,,
,,
,,
,,
,,
,,
,,
,,
,,
,,
,,
,,
,,
,,
,,
,,
,,
,,
,,
,,
,,
,,
,,
,,
,,
,,
,,
,,
,,
,,
,,
,,
,,
,,
,,
,,
,,
,,
,,
,,
,,
,,
,,
,,
,,
,,
,,
,,
,,
,,
,,
,,
,,
,,
,,
,,
,,
,,
,,
,,
,,
,,
,,
,,
,,
,,
,,
,,
,,
,,
,,
,,
,,
,,
,,
,,
,,
,,
,,
,,
,,
,,
,,
,,
,,
,,
,,
,,
,,
,,
,,
,,
,,
,,
,,
,,
,,
,,
,,
,,
,,
,,
,,
,,
,,
,,
,,
,,
,,
,,
,,
,,
,,
,,
,,
,,
,,
,,
,,
,,
,,
,,
,,
,,
,,
,,
,,
,,
,,
,,
,,
,,
,,
,,
,,
,,
,,
,,
,,
,,
,,
,,
,,
,,
,,
,,
,,
,,
,,
,,
,,
,,
,,
,,
,,
,,
,,
,,
,,
,,
,,
,,
,,
,,
,,
,,
,,
,,
,,
,,
,,
,,
,,
,,
,,
,,
,,
,,
,,
,,
,,
,,
,,
,,
,,
,,
,,
,,
,,
,,
,,
,,
,,
,,
,,
,,
,,
,,
,,
,,
,,
,,
,,
,,
,,
,,
,,
,,
,,
,,
,,
,,
,,
,,
,,
,,
,,
,,
,,
,,
,,
,,
,,
,,
,,
,,
,,
,,
,,
,,
,,
,,
,,
,,
,,
,,
,,
,,
,,
,,
,,
,,
,,
,,
,,
,,
,,
,,
,,
,,
,,
,,
,,
,,
,,
,,
,,
,,
,,
,,
,,
,,
,,
,,
,,
,,
,,
,,
,,
,,
,,
,,
,,
,,
,,
,,
,,
,,
,,
,,
,,
,,
,,
,,
,,
,,
,,
,,
,,
,,
,,
,,
,,
,,
,,
,,
,,
,,
,,
,,
,,
,,
,,
,,
,,
,,
,,
,,
,,
,,
,,
,,
,,
,,
,,
,,
,,
,,
,,
,,
,,
,,
,,
,,
,,
,,
,,
,,
,,
,,
,,
,,
,,
,,
,,
,,
,,
,,
,,
,,
,,
,,
,,
,,
,,
,,
,,
,,
,,
,,
,,
,,
,,
,,
,,
,,
,,
,,
,,
,,
,,
,,
,,
,,
,,
,,
,,
,,
,,
,,
,,
,,
,,
,,
,,
,,
,,
,,
,,
,,
,,
,,
,,
,,
,,
,,
,,
,,
,,
,,
,,
,,
,,
,,
,,
,,
,,
,,
,,
,,
,,
,,
,,
,,
,,
,,
,,
,,
,,
,,
,,
,,
,,
,,
,,
,,
,,
,,
,,
,,
,,
,,
,,
,,
,,
,,
,,
,,
,,
,,
,,
,,
,,
,,
,,
,,
,,
,,
,,
,,
,,
,,
,,
,,
,,
,,
,,
,,
,,
,,
,,
,,
,,
,,
,,
,,
,,
,,
,,
,,
,,
,,
,,
,,
,,
,,
,,
,,
,,
,,
,,
,,
,,
,,
,,
,,
,,
,,
,,
,,
,,
,,
,,
,,
,,
,,
,,
,,
,,
,,
,,
,,
,,
,,
,,
,,
,,
,,
,,
,,
,,
,,
,,
,,
,,
,,
,,
,,
,,
,,
,,
,,
,,
,,
,,
,,
,,
,,
,,
,,
,,
,,
,,
,,
,,
,,
,,
,,
,,
,,
,,
,,
,,
,,
,,
,,
,,
,,
,,
,,
,,
,,
,,
,,
,,
,,
,,
,,
,,
,,
,,
,,
,,
,,
,,
,,
,,
,,
,,
,,
,,
,,
,,
,,
,,
,,
,,
,,
,,
,,
,,
,,
,,
,,
,,
,,
,,
,,
,,
,,
,,
,,
,,
,,
,,
,,
,,
,,
,,
,,
,,
,,
,,
,,
,,
,,
,,
,,
,,
,,
,,
,,
,,
,,
,,
,,
,,
,,
,,
,,
,,
,,
,,
,,
,,
,,
,,
,,
,,
,,
,,
,,
,,
,,
,,
,,
,,
,,
,,
,,
,,
,,
,,
,,
,,
,,
,,
,,
,,
,,
,,
,,
,,
,,
,,
,,
,,
,,
,,
,,
,,
Summer Fruit with Praline Fondue,,
Mixed Berries with Lemon Verbena Cream,,
Honey-Roasted Plums with Thyme and Crème Fraîche,,
Corn on the Cob with Lime-Chive Butter,,
"Grilled Game Hens with Basmati, Dried Currant, and Almond Salad",,
"Chicken Paillards with Tomato, Basil, and Roasted-Corn Relish",,
Buttermilk Fried Chicken with Spinach Tomato Salad,,
"Grilled Steak Sandwiches with Brie, Roasted Peppers, and Watercress",,
Grilled Pork Chops with Chunky Andouille Barbecue Sauce,,
Surf 'n' Turf Kebabs with Cilantro-Lime Sauce,,
Seafood Pasta with Lemon-Saffron Herb Dressing,,
Sauteed Black Cod with Shallot-Lemon Vinaigrette and Fresh Herb Salad,,
Grilled Fish Tostadas with Pineapple-Jícama Salsa,,
Spiced Nectarine Cake,,
Summer Garden Salad with Chili-Garlic Shrimp,,
Salad of Fresh Herbs and Greens with Fried Eggplant,,
"Grilled Panzanella Salad with Bell Peppers, Summer Squash, and Tomatoes",,
Strawberry and Peach Sangria,,
Oven-Dried Tomato Tart with Goat Cheese and Black Olives,,
Classic Caponata,,
"Bell Pepper, Red Onion, and Goat Cheese Pizza",,
Jealous Marys,,
Honeydew Coconut Frappes,,
Strawberries with Port-Wine Dip,,
Ice-Wine Sorbet with White Peaches,,
Peaches and Raspberries in Ancho Syrup with Chile Threads,,
Amaretti-Stuffed Peaches,,
Brandied Peach Parfaits,,
Cantaloupe Granita,,
Almond Butter Cookies,,
Peach Blueberry Cake,,
"Sardine ""Tonnato"" Spread",,
Ham and Cheese Spread,,
Romesco Sauce,,
Pickled Peaches,,
Anchovy Mayonnaise,,
Cilantro Chutney,,
Mozzarella Pesto Spread,,
"Cheddar, Red Pepper, and Horseradish Spread",,
Egg Fried Rice,,
Puffy Corn Omelet,,
Lentil Salad with Tomato and Dill,,
Stir-Fried Garlic Chives with Chile,,
Zucchini Melon Salad,,
Lobster Salad with Glass Noodles and Jícama,,
Grilled Jerk Pork With Curried Peach Relish,,
"Chicken, Rice, and Mango in Lettuce Wraps",,
Grilled Chicken with Shredded Mesclun Salad,,
Chicken Breasts with Rock-Shrimp Sauce,,
Chipotle Burgers,,
Arctic Char Gravlaks with Cucumber Jelly,,
Grilled Eggplant Stacks with Tomato and Feta,,
"Grilled Beef, Chicken, Shrimp, and Mushroom Skewers",,
Chicken Stir-Fry with Peanut Sauce Over Rice,,
Triple-Chocolate Cookies,,
Tender Pie Crust,,
Spiced Plum Pie,,
Sour-Cherry Streusel Pie,,
Peach Lattice Pie,,
Lemon Meringue Blueberry Pie,,
Triple-Chocolate Cookie and Strawberry Ice Cream Sandwiches,,
Root Beer Granita Float,,
Mixed Berries with Mascarpone-Limoncello Cream,,
Lemon-Berry Shortcakes,,
Grilled Vegetables with Mint Raita,,
Smoked-Cheddar-Stuffed Chicken with Green Apple Slaw,,
Cilantro-Lime Chicken Fajitas with Grilled Onions,,
"Chicken with Tangerine, Honey, and Chipotle Glaze",,
Grilled Tandoori Lamb,,
Grilled Pork Tenderloin with Molasses and Mustard,,
Brown Sugar and Bourbon Ribs,,
Fennel- and Dill-Rubbed Grilled Salmon,,
Cedar-Planked Monkfish with Fire-Roasted and Puttanesca Relish,,
Yukon Gold Potato Salad with Crispy Prosciutto and Truffle Oil,,
"Grilled Cornbread Salad with Red Onions, Arugula, and Red Wine Vinaigrette",,
Chilled Corn Soup with Adobo Swirl,,
Berry Rum Punch,,
Spicy Shrimp Rémoulade on Molasses-Buttered Toast,,
Oven-Roasted Plum Tomatoes,,
Grilled Brined Shrimp with Garlic Oil,,
Chipotle-Rubbed Steaks with Gorgonzola Toasts,,
Gin-Gin Mule,,
Marinated Skirt Steak,,
Simply Strawberry Sorbet,,
Simply Blueberry Sorbet,,
Mango Mint Sparklers,,
"Cucumber, Ginger, and Sake Sangria",,
Berry Rosé Sangria,,
Cherry-Apricot Yogurt Sundaes,,
Smoked-Salmon Quesadillas with Warm Tomatoes and Arugula,,
Raspberry Almond Lattice Tart,,
Peach Sabayon with Balsamic Peaches,,
Five-Herb Ice Milk,,
Dulce de Leche Fruit Gratin,,
Five-Spice Cones,,
Orange Coeurs à la Crème with Strawberry Raspberry Sauce,,
Warm Skillet Sour Cherries with Vanilla Ice Cream,,
Lemon Sun Cakes with Berries and Cream,,
Blueberry Pudding Cake,,
Berries with Geranium Cream,,
Summer Tomatoes,,
Southwestern Succotash,,
Roasted Potato and Okra Salad,,
Barley and Corn Salad with Basil Chive Dressing,,
Herb-Tossed Corn,,
Seafood Salad with Fennel and Green Beans,,
Grilled Zucchini Pizza,,
London Broil with Soy Citrus Mayonnaise,,
Fish with Curried Cucumber Tomato Water and Tomato Herb Salad,,
Steamed Blue Crabs with Black Ginger Dipping Sauce,,
Pan-Seared Chicken with Tarragon Butter Sauce,,
Beef Pinwheels with Arugula Salad,,
Chilled Zucchini Soup,,
Corn Chowder,,
Chioggia Beets with Raspberry Mint Vinaigrette,,
Lemon Crème Brûlée with Fresh Berries,,
My Kind of Chocolate Birthday Cake,,
Blueberry Hill Cupcakes,,
Apricot-Raspberry Pavlovas with Sliced Almonds,,
Sweet Potato Noodle Stir-Fry with Choy Sum and Shiitake Mushrooms,,
Lemongrass Pork with Vietnamese Table Salad,,
Grilled Steak Sandwiches with Chimichurri and Bell Peppers,,
Shrimp Curry with Yu Choy and Kabocha Squash,,
Grilled Halibut with Tatsoi and Spicy Thai Chiles,,
"Farro Salad with Peas, Asparagus, and Feta",,
Caesar Salad with Homemade Croutons and Balsamic Dressing,,
Speedy Gazpacho,,
Roast Chicken Noodle Soup with Chrysanthemum,,
Summer Steak Salad with Ginger-Lime Dressing,,
Dan Barber's Pork Belly,,
Manhattan,,
Jalapeño Cheeseburgers with Bacon and Grilled Onions,,
The Ultimate Hamburger,,
"Pickled Napa Cabbage, Carrots, and Snow Peas",,
Bloody Mary Aspic,,
Black Forest Shooter,,
Pomegranate Manhattan,,
Black-Currant Diablo,,
Passion-Fruit Caipirinha,,
Passion-Fruit Meringue Tart,,
Grilled Coconut Poundcake Sundaes With Tropical Fruit,,
Strawberry Shortcake,,
Rhubarb Sorbet with Vanilla Rhubarb Compote,,
Coconut Pound Cake,,
Jasmine Rice with Peanuts and Scallions,,
Peas and Bacon with Dill,,
Belgian Buttermilk Waffles with Glazed Bananas,,
Grilled T-Bone Steaks,,
Grilled Italian Sausage with Warm Pepper and Onion Salad,,
Broiled Salmon with Citrus Yogurt Sauce,,
Vietnamese Caramelized Grilled Pork,,
Provolone and Broccoli Rabe Panini,,
Shrimp and Tasso Gumbo,,
Curried Couscous with Chicken and Zucchini,,
Grilled Cornish Hens with Coconut Curry Sauce,,
Chicken Marsala,,
Chicken Jook,,
Grilled Lemon Chicken,,
Cold-Smoked Chicken with Baby Bok Choy and Cashew Salad,,
Capellini with Salmon and Lemon-Dill-Vodka Sauce,,
Horseradish-Crusted Beef Tenderloin,,
Grilled Zucchini and Tomatoes with Feta Sauce,,
Crab Salad with Wonton Crisps and Lime,,
Caesar Salad,,
Grilled Portabellas with Soppressata Stuffing,,
Grilled Spiced White Mushrooms,,
Linguine with White Clam Sauce,,
Chive and Pine Nut Dip with Sourdough Toasts,,
English Peas with Mint,,
Pasta Cacio e Pepe,,
Cream Cheese Crostata with Orange Marmalade,,
Zabaglione Gelato,,
Sweet Cherry Sorbetto,,
Peach and Prosecco Ice,,
Lemon and Amaretti Semifreddo with Raspberry Sauce,,
Fresh Strawberry Granita,,
Affogato Mocha,,
Marsala and Mascarpone Mousse with Pound Cake and Berries,,
Cornmeal and Fig Cake with Pine Nuts,,
Roasted Balsamic Radicchio,,
Braised Baby Onions with Orange Juice and Balsamic Vinegar,,
Bucatini All'amatriciana,,
Spaghetti alla Carbonara di Zucchine,,
Ricotta Gnocchi with Leeks and Fava Beans,,
Ravioli Filled with Radicchio,,
Ravioli di Ricotta e Asparagi con Salsa di Piselli,,
Fettuccine con Carciofi,,
Beet Ravioli with Poppy Seed Butter,,
"Duck Stuffed with Chicken Liver, Candied Orange, and Pears",,
"Veal Roasted with Shallots, Fennel and Vin Santo",,
Pan-Fried John Dory,,
Lemony Crab Salad with Baby Greens,,
Insalata di Puntarelle,,
Pasta e Ceci con Vongole,,
Risotto alla Primavera,,
Cauliflower and Broccoli Flan with Spinach Bechamel,,
Carciofi alla Giudea,,
Spicy Asian Marinade,,
Jamaican Hot Pepper Shrimp,,
Penang Rice Salad,,
Beef Pot Stickers,,
Turkish Lamb Kebabs,,
Chicken and Scallion Skewers,,
Sweet Rice-Flour and Coconut Cake,,
Watermelon with Fennel Salt,,
Strawberries with Marsala,,
Guanabana Sorbet with Mango Lime Coulis,,
Mint Julep Pineapple,,
Passion-Fruit Nieve,,
Coconut Macaroons,,
Avocado Gelato,,
Butter Cookies with Dulce de Leche,,
Sicilian Cannoli,,
Green Olive Pimiento Relish,,
Carrot Pachadi,,
Sauteed Escarole,,
Succotash,,
Warm Peanut Salad,,
Basmati Rice,,
Grilled Oyster Mushrooms,,
Yuca Fries with Chipotle Mayonnaise,,
Belgian Fries with Sauce Andalouse,,
Grilled White Cheese With Oregano Oil,,
Veal Involtini,,
Broiled Steak with Horseradish Cream,,
"Egg Roulade Stuffed with Turkey Sausage, Mushrooms, and Spinach",,
Pork Chops with Mustard Sauce,,
Chili and Honey Chicken Legs,,
Chicken and Green Bean Coconut Curry,,
Lettuce Soup,,
Cold Avocado Corn Soup With Cilantro Oil,,
Mexican Seafood Cocktail,,
Pickled Beet and Herring Salad,,
Baby Octopus Salad,,
Cherry Tomato and Lemon Salad,,
Asian Pear and Avocado Salad with Garam Masala Syrup,,
Orange Soy Baby Back Ribs,,
"Chile-Dusted Oranges, Jícama, and Cucumber",,
Macaroni and Eggplant,,
Chickpea Fritters (Panelle),,
Sweet-and-Sour Eggplant,,
Chicken and Cilantro Bites,,
Roasted Red Bell Peppers,,
Roast Chicken with Artichokes and Gremolata Butter,,
Saffron Chicken Broth with Spinach Matzo Balls,,
Pan-Seared Pork Tenderloin with Rhubarb Compote,,
Grapefruit-Ginger Sherbet,,
Lemon Curd Mousse Cake,,
Soda Bread with Dark Chocolate and Candied Orange Peel,,
"Halibut with Carrots, Fennel, Lemon, and Garlic",,
"Salmon with Peas, Pea Tendrils, and Dill-Cucumber Sauce",,
Maple-Walnut Espresso Torte,,
Farfalle with Wilted Frisée and Burst Tomatoes,,
Strawberries with Lemon Sugar and Lavender Syrup,,
"Roast Leg of Lamb with Mint, Garlic, and Lima Bean Purée",,
Spice-Roasted Porterhouse Steaks,,
Pecan Praline Trellis,,
Bacon-Wrapped Eggs with Polenta,,
Cauliflower-Leek Kugel with Almond-Herb Crust,,
Carrot Soup with Orange and Tarragon,,
Grilled Steaks with Blue Cheese and Chiles,,
Fresh Blackberry Napoleons with Cream Cheese Mousse,,
Mint-Truffle Ice Cream Terrine with Mint and Chocolate Sauces,,
Warm Mushroom and Stilton Salad,,
Parmesan-Crusted Chicken and Asparagus with Sauce Maltaise,,
Rhubarb Lattice Pie with Cardamom and Orange,,
Mustard-Seed-Crusted Burgers with Horseradish Slaw,,
Citrus-Blossom Gin Fizz,,
Goat Cheese and Black Pepper Biscuits with Smoked Salmon and Dill,,
Sweet-and-Sour Brisket with Shallots and New Potatoes,,
Scallop Cakes with Cilantro-Lime Mayonnaise and New Potatoes,,
Lemon-Glazed Lemon Bread,,
Strawberry Lassi,,
Kiwi Tart,,
Blackberry Buttermilk Panna Cottas with Blackberry Compote,,
Crunchy Pecan Cookies,,
Lemon Cakes with Basil Lemon Syrup,,
Cardamom Apple Almond Cake,,
Apricot Almond Layer Cake,,
Mushroom Risotto Cakes,,
Middle Eastern Style Yogurt,,
Roasted Fennel and Baby Carrots,,
Artichokes Braised with Garlic and Thyme,,
Acini de Pepe with Spinach and Feta,,
Sole-Wrapped Asparagus with Tangerine Beurre Blanc,,
Shrimp and Avocado in Tamarind Sauce,,
"Wild Salmon with Pearl Couscous, Slow-Roasted Tomatoes, and Lemon Oregano Oil",,
Mushroom Risotto,,
Fried Stuffed Rice Balls,,
Bbq Pork Tenderloin,,
Sugar Snap Peas and Pasta,,
Savory Red Pepper and Onion Matzo Brei,,
Anchovy and Rosemary Roasted Lamb,,
Sweet-and-Sour Chicken Thighs with Carrots,,
Roast Chicken with Asparagus and Tahini Sauce,,
Calamari Salad,,
Grandma Ethel's Brisket with Tzimmes,,
Dandelion Salad with Lardons and Goat Cheese Phyllo Blossoms,,
Strawberry-Rhubarb Crisps with Cardamom and Nutmeg,,
Vanilla Custard,,
Lemon Cheesecake with Gingersnap Crust,,
Poached Rum Raisin Pears,,
Mustard Fennel Pork Loin with Cumberland Pan Sauce,,
"Chocolate-Cherry, Pistachio, and Raspberry Ice Cream Cake",,
Baked Potatoes with Rib-Eye Steak Hash,,
Veal Chops with Creole Mustard Crust,,
Fried Potatoes with Oregano and Parmesan,,
Pistachio Rhubarb Trifle,,
Onion Gravy,,
Chive and Garlic Mashed Potatoes,,
Griddle Cakes with Marmalade and Clotted Cream,,
Beer-Battered Asparagus,,
Cuban-Style Picadillo,,
Turkish-Style Lamb Burgers with Walnut Sauce,,
Antipasto Pasta,,
Sticky Toffee Pudding,,
Avocado and Mango Salad with Passion Fruit Vinaigrette,,
Wine-Braised Leg of Lamb With Garlic,,
Cheddar Beer Soup,,
"Sausage, Red Onion, and Wild Mushroom Pizza",,
Stilton Cheese Puffs,,
Sauteed Flank Steak with Arugula and Roasted Cauliflower and Red Peppers,,
Fried Potatoes and Cabbage,,
Roasted Vegetable Meatloaf with Mustard Mashed Potatoes,,
Shrimp Curry,,
Sunday Rib Roast,,
Pop-Art Raspberry Icebox Cake,,
Chocolate Stout Cake,,
Bittersweet Chocolate and Walnut Fudge,,
Asparagus Custard Tart,,
Baked Ribs with Spicy Blackberry Sauce,,
Steamed Golden Syrup Spongecake,,
Scallops with Hazelnuts and Browned Butter Vinaigrette,,
Dulce de Leche Ice Cream Sundaes,,
Chicken Cacciatore,,
Arugula and Fontina Frittata,,
Paella with Asparagus and Sugar Snap Peas,,
Chocolate-Peanut Butter Cake With Cream Cheese and Butterfinger Frosting,,
Mussels in Lager,,
"Shrimp, Cucumber, and Mango Salad",,
Grilled Ham and Gouda Sandwiches with Frisée and Caramelized Onions,,
Stout-Braised Short Ribs,,
Pear and Almond Tart,,
Floating Islands,,
Chocolate-Orange Pots de Crème with Candied Orange Peel,,
Earl Grey Tea Madeleines with Honey,,
Braised Red Cabbage,,
"Apple, Potato, and Onion Gratin",,
"Butternut Squash, Rosemary, and Blue Cheese Risotto",,
"Feta, Garbanzo Bean, and Eggplant Pita Sandwiches",,
Thai-Curried Game Hens,,
Chicken and Mushroom Pie with Phyllo-Parmesan Crust,,
Moroccan Slow-Cooked Lamb,,
Herb-Brined Pork Prime Rib Roast,,
Oven-Roasted Dungeness Crab,,
"Mahi-Mahi with Blood Orange, Avocado, and Red Onion Salsa",,
Linguine with Clams and Fresh Herbs,,
Yogurt Cake with Marmalade Glaze,,
Meyer Lemon and Vanilla Bean Marmalade,,
Hannah's Pancakes,,
Far Breton,,
Roasted Beet Soup with Crème Fraîche,,
Irish Soda Bread with Raisins,,
Glazed Raspberry Heart Scones,,
Barley and Lentil Soup with Swiss Chard,,
Seared Sea Scallops with Banyuls Vinegar and Chicory Slaw,,
"Veal Chops with Roasted Shallots, Arugula, and Soft Polenta",,
Barely Cooked Salmon with Parmesan Polenta and Mushroom Consommé,,
Chile-Rubbed Shrimp with Avocado Corn Cocktail,,
Filipino-Style London Broil,,
Caipirinhas,,
Caramel Coffee Meringues,,
Chocolate Chile Bread Pudding,,
Sauteed Bananas with Cardamom Praline Sauce,,
Swiss Chard with Raisins and Pine Nuts,,
Browned Onion Kugels,,
"Tagliatelle with Chestnuts, Pancetta, and Sage",,
Taiwanese Beef Noodle Soup,,
Macaroni with Cream and Cheese,,
Wild Mushroom Lasagne,,
"Lamb and Polenta ""Lasagne""",,
Roasted Racks of Lamb with Malagueta Pepper and Farofa Crust,,
Grilled Fontina with Artichokes and Mushrooms,,
Cheese Fondue,,
Fideos with Mussels,,
Confit Duck Leg Pozole,,
Chicken Drumsticks with Muhammara Sauce,,
Grilled Cheddar and Bacon with Mango Chutney,,
Fried Sauerkraut Cakes with Kielbasa,,
"Calabaza, Corn, and Coconut Soup",,
Fennel and Endive Salad with Orange Vinaigrette,,
Mushroom Sauté,,
"Shrimp and Black-Eyed Pea ""Croquettes""",,
Pimm's Cup,,
Raspberries with Saba Sabayon,,
Deconstructed Black Forest Cake,,
Pea Tendrils with Crimini Mushrooms and Leeks,,
Mexican Hot Fudge Sundaes,,
Black Pearl Layer Cake,,
Almond Cake with Roasted Pineapple and Vanilla Cream,,
Meyer Lemon Buttermilk Pudding Cake with Fresh Berries,,
Chinese Hot-and-Sour Soup,,
Rich Beef Broth with Carrot,,
Glazed Duck with Clementine Sauce,,
Bacon Corn Muffins,,
Mussels with Tomato Broth,,
Potatoes with Peppers and Chorizo,,
Turkey Potpie,,
Mahón Cheese Ice Cream,,
Sticky Rice with Chinese Sausage and Dried Scallops,,
Hot Pepper and Garlic Shrimp,,
Escarole and Edamame Salad,,
Parmesan Muffins,,
Banoffee Pie,,
Spiced Beef and Onion Pitas with Parsley Sauce,,
Salt Cod in Tomato Garlic Confit,,
Spaghetti With Marinara Sauce,,
"Whole-Wheat Spaghetti with Broccoli, Chickpeas, and Garlic",,
Cauliflower with Serrano Ham and Tomato,,
"Clementine, Olive, and Endive Salad",,
Linzer Muffins,,
Balsamic Roasted Potato Wedges,,
Short Rib Terrine,,
Chocolate Cherry Muffins,,
"Chicken Empanada with Chorizo, Raisins, and Olives",,
Beef Salad with Potatoes and Cornichons,,
Orange-Soy-Braised Pork Ribs,,
Pumpkin Seed Brittle,,
Chicken Curry with Cashews,,
Apricot Chicken with Almonds,,
Chocolate Tart with Candied Clementine Peel,,
Roasted Peppers with Boquerones,,
Minted Eggplant,,
Wine-Braised Chuck Roast with Onions,,
Trout with Haricots Verts and Almonds,,
Chocolate Sauce,,
Lemon Tart,,
Cream Puffs with Vanilla Ice Cream and Chocolate Sauce,,
Bibb Lettuce Salad,,
,,
Bittersweet Chocolate-Citrus Tart with Jasmine Whipped Cream,,
White Chocolate Praline Ice Cream Terrine with Blackberry-Raspberry Sauce,,
Cranberry Granita,,
White Chocolate and Peppermint Cookie Brittle,,
Walnut Sables,,
Triple-Chocolate Cranberry Oatmeal Cookies,,
Spiced Fritters with Maple-Vanilla Syrup,,
Pecan Lace Sandwich Cookies with Orange Buttercream,,
Joanne's Apricot Bars,,
Iced Stars,,
,,
Dried Cherry and Ginger Cannoli,,
Chocolate-Covered Gingerbread Kids,,
Coconut-Chocolate Marjolaine,,
"Baked Apples with Cranberries, Raisins, and Apricots",,
Truffled Potato Gratin,,
Roasted Baby Beets,,
Chestnut Risotto with Butternut Squash,,
Roast Lamb with Marionberry-Pecan Crust,,
Baked Rigatoni with Sausage and Mushrooms,,
Miso-Glazed Black Cod on Sunflower Sprouts,,
Vanilla-Maple French Toast with Warm Berry Preserves,,
Rosemary and Mustard Breakfast Sausages,,
Breakfast Polenta with Chorizo and Queso Fresco,,
Romaine and Arugula Salad with Toasted Seeds,,
"Mâche Salad with Blood Oranges, Pistachios, and Pomegranate",,
Bronze and Red Lettuce Salad with Serrano Ham and Goat Cheese Spirals,,
Roasted Cherry Tomato and Fresh Herb Bread,,
Ruby Champagne Cocktail,,
Pomegranate-Ginger Champagne Cocktail,,
Kumquat Champagne Cocktail,,
Caramel-Swirl Hot Chocolate,,
Sesame Wonton Triangles with Smoked Salmon and Wasabi,,
Porcini Fondue with Ham and Ciabatta,,
Pancetta Crisps with Goat Cheese and Pear,,
Cumin-Scented Beet Latkes,,
Milk Chocolate Mousse Cake with Hazelnut Crunch Crust,,
"Rosemary-Sage Burgers with Apple Slaw and Chive ""Mayo""",,
Cajun Turkey Cheeseburgers With Tabasco Ketchup,,
Mulled Red Wine,,
Ginger Pineapple Sparkling Punch,,
Brandied Hot Chocolate,,
Chocolate-Covered Raspberry Truffles,,
Chocolate Hazelnut Tart,,
Cardamom Butter Squares,,
Pineapple Anise Sherbet,,
Ginger Doughnuts,,
Molasses Crinkles,,
Bittersweet Chocolate Cookies,,
Polish Apricot-Filled Cookies,,
Anise Sesame Cookies,,
Ambrosia Layer Cake,,
Almond Bar Cookies,,
Applesauce with Butter Pecan Crumbs,,
Espagnole Sauce,,
Creamed Spinach,,
Mâche Salad with Creole Vinaigrette,,
Bulgur with Apricots and Almonds,,
Grilled Cheddar and Fennel Sandwiches with Curry Mayo,,
Sauteed Pork Chop with Sage-Cider Cream Sauce,,
Braised Chicken with Celery Root and Garlic,,
Baked Chicken with White Beans and Tomatoes,,
Beef Tenderloin with Mushrooms and Espagnole Sauce,,
Striped Bass in Agrodolce Sauce,,
Smoked Whitefish on Cucumber Rounds,,
Vietnamese Fried Spring Rolls,,
Spicy Tomato Soup,,
Black Bean Soup,,
Shrimp Courtbouillon with Rice,,
"Shaved Fennel, Radish, and Grapefruit Salad",,
Hazelnut and Olive Rugelach,,
Red Pepper Stacks,,
Radish Flowers,,
Spicy Toasted Pecans,,
Oysters Rockefeller,,
Olive Tomato Squares,,
Mushrooms with Garlic Butter,,
Chicken Satay Bites,,
Spanish Olive and Cream Cheese Canapes,,
Toasted-Pecan Pie,,
Caramel-Pumpkin Pie with Mincemeat Ice Cream,,
Frozen Pumpkin Mousse with Walnut-Toffee Crunch,,
Rice Pudding with Persimmons and Dried Cranberries,,
Old-Fashioned Gingerbread with Molasses Whipped Cream,,
Coconut-Sweet Potato Cheesecake,,
Pumpkin Custard Profiteroles with Maple Caramel,,
Dark Chocolate Mousse with Sugared Kumquats,,
Persimmon Salsa,,
Mirliton Relish,,
Cranberry Compote with Ginger and Molasses,,
Cranberry and Red-Grape Relish,,
Yukon Gold Potato and Wild Mushroom Gratin,,
Roasted Autumn Vegetables,,
Orange-Glazed Carrot Ribbons,,
Mashed Potatoes and Turnips with Roasted Pear Purée,,
"Haricots Verts, Roasted Fennel, and Shallots",,
Creamy Mashed Potatoes with Goat Cheese and Fresh Sage,,
Caramelized Spiced Carrots,,
Butternut Squash with Tangerine and Sage Glaze,,
Boston Brown Bread Stuffing with Bacon and Tarragon,,
Butternut Squash and Mushroom Lasagna,,
Turkey Wraps with Curry-Chutney Mayonnaise and Peanuts,,
"Turkey Breast Roulade with Crimini, Porcini, and Pancetta",,
Stacked Enchiladas with Turkey and Chipotle Beans,,
Roast Turkey with Apple Cider Pan Gravy,,
Grilled Tea-Brined Turkey with Tea-and-Lemon Gravy,,
Tamarind-Honey Lamb Kebabs on Mashed Yams,,
"Shrimp with Fennel, Dill, and Feta",,
"Baby Eggplant, Olive, and Herb-Cheese Frittata",,
Smoked Salmon and Cucumber Ribbon Salad with Caraway,,
Gumbo Z'herbes with Perfect Rice,,
Green Onion-Jalapeño Cornbread,,
Celery Bisque with Stilton Toasts,,
Turkey-Noodle Soup With Ginger and Chiles,,
Cranberry Kir Royale,,
Prosciutto with Persimmons,,
Johnnycakes with Peekytoe Crab,,
Foie Gras-Stuffed Dates,,
Banana-Black Bean Empañadas,,
Baked Oysters with Bacon and Leeks,,
Herb-Brined Turkey with Pear Gravy,,
Breakfast Stack,,
Cranberry Eggnog Tart,,
Meringue Roulade with Anise Cream,,
Orange Tangerine Pudding,,
Sour Cream Pumpkin Pie,,
Maple Nut Pie,,
Poached Pears with Quince Paste in Parmesan Cloaks,,
Baked Figs in Lemon Syrup,,
Cranberry Jam,,
Rich Turkey Gravy,,
Candied-Orange and Cranberry Compote,,
Broiled Tofu with Cilantro Pesto,,
Apple and Cranberry Chutney,,
Swiss Chard Purses with Sausage Stuffing,,
Aloo Gobhi Stuffing,,
Roasted Beet Risotto,,
Sticky Rice with Chinese Sausage,,
Braised Fennel,,
Mixed Mushroom Tamales,,
Delicata Squash and Roasted Mushrooms with Thyme,,
Jeweled Rice with Dried Fruit,,
Celery-Root Purée with Truffle Butter,,
Earthy Mashed Potatoes,,
Broiled Polenta Sticks,,
Korean Pancakes,,
Spiced Carrots,,
Sauteed Broccolini with Garlic,,
Big Apple Pancake,,
Roast Turkey with Pomegranate Gravy,,
Kale and Chickpea Soup,,
Chicken Schnitzel with Capers and Parsley,,
Orzo with Ham and Goat Cheese,,
Steamed Cod with Cauliflower and Saffron,,
Panfried Bean Burritos,,
"Roasted Squash, Chestnut, and Chicory Salad with Cranberry Vinaigrette",,
Smoked-Salmon and Cucumber Rolls,,
Bruschette with Chickpea Purée and Arugula,,
Roasted Cauliflower and Radicchio Salad,,
Pippin Apple Pie with Hazelnut Crust,,
"Caramelized Pistachio, Walnut, and Almond Tart",,
Tangerine Granita with Vanilla Bean Cream,,
Pear and Dried Cherry Cobblers with Ginger-Chocolate Chip Biscuit Topping,,
Cranberry-Lime Marmalade,,
Spiced Winter Squash with Fennel,,
Baked Yams with Ginger-Molasses Butter,,
Roasted Portobello and Prosciutto Lasagna,,
Open-Face Wild Mushroom and Fontina Sandwiches,,
Sauteed Chicken with Tomato-Saffron Vinaigrette on Frisée,,
Pork Medallions with Mustard-Chive Sauce,,
"Open-Face Ham, Cheddar, and Apple Butter Sandwiches",,
Fig and Rosemary Pot Roast,,
Coffee-Braised Short Ribs with Ancho Chile,,
Seared Coriander Scallops with Bok Choy and Hoisin,,
Raised Cappuccino Doughnuts with Espresso Cream Filling,,
Pumpkin Doughnuts with Powdered Sugar Glaze and Spiced Sugar Doughnut Holes,,
Maple-Glazed Sour Cream Doughnuts with Sugared-Walnut Streusel,,
Buttermilk Pancakes with Maple Syrup Apples,,
Spicy Asian Noodle and Chicken Salad,,
"Pear, Pancetta, and Walnut Salad",,
Jerusalem Artichoke and Arugula Salad with Parmesan,,
Crimson Coleslaw,,
Onion Soup with Apple Cider,,
Cod Chowder with Saffron and Fingerling Potatoes,,
Butterscotch Drop Scones,,
Roasted Bosc Pears with Pomegranate Glaze,,
Mai Tai,,
"Feta, Cucumber and Spinach Pita Sandwiches",,
Fish House Punch,,
Moscow Mule,,
Irish Coffee,,
Basil Ice Cream,,
Spaghetti with Garlic,,
Steamed Chicken with Black Mushrooms and Bok Choy,,
Croatian Moussaka,,
Fried Neopolitan Pizzas,,
Miso Stew,,
Salami Crisps,,
Chocolate Peanut Butter Bars with Hot Fudge Sauce,,
Pan-Grilled Paillards of Duck,,
Chocolate Orange Cheesecakes,,
Raspberry Crème Fraîche Puff,,
Lattice-Crust Pear Pie,,
Sweet Plantain Fritters,,
"Apple ""Pizza""",,
Corn and Zucchini Sauté,,
Parsley Cumin Parathas,,
Turkey Sloppy Joes on Cheddar Buttermilk Biscuits,,
Salmon Steaks with Red-Wine Butter,,
Crab Quiche,,
Timballo,,
Black Roasted Cod with Sea Beans and Oysters,,
Lentils San Stefano,,
Broiled Arctic Char with Basil Sauce and Tomato,,
Bhel Poori,,
Green Tomato Soup,,
Serrano Ham Salad with Almond Garlic Sauce,,
S'mmoralist,,
Five-Spice Duck with Butternut Squash Ravioli and Broccoli Rabe,,
Hazelnut Gelato Profiteroles with Warm Kahlua Sauce,,
Peanut Butter Beignets with Caramelized Bananas and Bitter Caramel Ice Cream,,
Warm Jasmine Rice Puddings with Passion Fruit,,
Lemon Soufflé Tartlets,,
Moroccan Braised Beef,,
"Beef Tenderloin with Red Wine Sauce, Creamed Spinach, and Truffled French Fries",,
Roasted Monkfish with Curried Lentils and Browned Butter Cauliflower,,
Vegetarian Black Bean Chili,,
Truffled French Fries,,
Lemon Pound Cake with Berries and Whipped Cream,,
Roasted Curried Cauliflower,,
"Gemelli with Zucchini, Tomatoes, and Bacon",,
Toasted Almond and Pecorino Sandwiches,,
"Wild Mushroom Pizza With Caramelized Onions, Fontina, and Rosemary",,
Pork Tenderloin with Cider Jus and Rutabaga Purée,,
Roasted Red Bell Pepper and Fennel Salad,,
Lobster Macaroni and Cheese,,
French 75,,
Saint Andre and Fingerling Potato Pies,,
Cherry Smash,,
Rigatoni with Cheese and Italian Sausage,,
Seared Ahi Tuna and Avocado Tartare,,
Grilled Chile Salsa with Rice Crackers,,
Rib-Eye Steaks with Gorgonzola Butter and Crispy Sweet Onion Rings,,
Crab Fritters with Herb Salad and Meyer Lemon Aïoli,,
Yellow Squash and Mozzarella Quiche with Fresh Thyme,,
Vermicelli with Sauce alla Sofia,,
Camote Tartes Tatins with Pumpkin-Seed Brittle,,
Passion-Fruit Mimosa,,
Screwdriver,,
Sandmartin,,
Cranberry Pineapple Punch,,
Mike's Milk Punch,,
Green Dragon III,,
Strawberry Lemonade,,
Tipperary,,
Mai Tai,,
Old Fashioned,,
Pineapple Cocktail,,
Rob Roy,,
Alaska,,
Hurricane,,
Homemade Chai,,
Emerald Isle,,
Rusty Nail,,
Almond Horchata,,
Zombie,,
Fresh Lime Margarita,,
Manhattan,,
Harvey Wallbanger,,
Negroni,,
Modern Lemonade,,
Chelsea Sidecar,,
Homemade Sweet-and-Sour Mix for Margaritas,,
Belmont,,
Frozen Margarita,,
Cherry Blossom,,
Orange and Banana Yogurt Smoothie,,
Sea Breeze,,
Singapore Sling,,
Moscow Mule,,
Sea Breeze II,,
Brandy Alexander II,,
Whiskey Flip,,
Pineapple Lemonade,,
Basic Mead,,
White Spider,,
Fireworks,,
White Russian,,
Mint Julep Spritzer,,
Zucchini Frittata with Blossoms,,
Basic Butter Cookie Dough,,
Mashed Sweet Potatoes with Brown Sugar and Pecans,,
Sauteed Skirt Steak,,
Red-Wine-Braised Oxtails,,
"Crabmeat, Apple, and Mango Salad on Cumin Apple Chips",,
Asparagus with Orange Dressing and Toasted Hazelnuts,,
Carrot Soup with Thyme and Fennel,,
Lemon-Dill Sauce,,
Grilled Rib-Eye Steaks with Roasted Peppers,,
Christmas Fruitcake,,
Herbed Garlic and Parmesan Croutons,,
Caramelized Walnuts,,
Chicken Piccata,,
Kale and Potato Spanish Tortilla,,
Lemon Curd Layer Cake,,
Blueberry Tartlets with Lime Curd,,
White Bean Salad,,
Rice and Wheat Berry Pilaf with Baby Spinach,,
Indian-Spiced Chicken Kebabs with Cilantro-Mint Chutney,,
"Calzones with Cheese, Sausage and Roasted Red Pepper",,
Wild Mushroom Risotto,,
Turkey Tonnato with Potatoes and Green Beans,,
Broccoli Rabe,,
"Crab, Chili, and Avocado Tostaditos",,
"Apple, Celery, and Smoked Ham Stuffing",,
One-a-Day Baguette,,
"Bay Scallops with Polenta, Wild Mushrooms, Sherry, and Parsley Bread Crumbs",,
Roast Chicken with Rosemary-Orange Butter,,
Chocolate Chunk Oatmeal Coconut Cookies,,
"Endive, Mâche, and Radish Salad with Champagne Vinaigrette",,
Baked Pork Chops with Parmesan-Sage Crust,,
Grilled Lobsters with Southeast Asian Dipping Sauce,,
Sweet Palmiers,,
"Orzo Salad with Feta, Olives and Bell Peppers",,
Angel Food Cake,,
"Grilled Salmon with Tomato, Cucumber and Caper Salsa",,
Sauteed Collard Greens,,
Sticky Date Pudding with Toffee Sauce,,
Penne with Yau Choy,,
Superb English Plum Pudding,,
"Grilled Ham, Cheese, and Salami with Caper Relish",,
Top Sirloin Steak with Bell Pepper and Onion Sauté,,
Sweet-and-Sour Cipolline Onions,,
"Grilled Sausages, Peppers, and Onions on Rolls",,
Chicken in Green Pumpkin-Seed Sauce,,
Miniature Crab Cakes with Mustard Mayonnaise,,
Grissini with Prosciutto,,
"Raspberry Cake with Marsala, Crème Fraîche, and Raspberries",,
Baked French Toast,,
Rémoulade Sauce,,
Tricolor Potatoes with Pesto and Parmesan,,
Winter Salad with Sauteed Bay Scallops,,
Tomato and Corn Pie,,
Mushroom Tortellini in Mushroom Broth,,
Hazelnut Torte with Raspberry Jam,,
Crab Salad Sandwiches,,
Chocolate Cookies,,
Celery-Root Bisque with Shiitakes,,
Springtime Sushi Nests,,
Winter Spice Cake with Caramelized Apple Topping,,
Calf's Liver with Bacon and Onions,,
Caramel Pecan Cookies,,
The Great After-Thanksgiving Turkey Enchiladas,,
Spinach and Chick Peas with Bacon,,
Spice-Crusted Rack of Lamb,,
Coconut-Peach Layer Cake,,
Shrimp and Crab Souffles with Red Bell Pepper and Tarragon,,
"Spaghetti with Tuna, Tomatoes, Capers, and Basil",,
Pan-Grilled New York Strip Steaks with Green Olive Tapenade,,
Almond Crunch Cookies,,
Cranberry-Walnut Pumpkin Bread,,
Filet Mignon with Green Peppercorn Cream Sauce,,
Mushroom Barley Risotto,,
Almond Cheesecake with Sour Cream and Blackberries,,
Dried Tomato and Fennel Stuffing,,
Spicy Toasted Garbanzo Beans and Pistachios,,
Fish Wrapped in Banana Leaves with Chile Rajas and Crema,,
Cranberry-Orange Scones,,
Sponge Candy,,
Herb-Roasted Chicken Breasts,,
Greek Country Salad,,
Flourless Chocolate Cake,,
Baked Onions with Thyme,,
Platanos Maduros,,
Rib-Eye Tacos with Onion Jam and Horseradish Crème Fraîche,,
Beef Short Ribs in Chipotle and Green Chili Sauce,,
Chicken and Andouille Sausage Ragù,,
Cherry-Chocolate Shortcakes with Kirsch Whipped Cream,,
Seared Sea Bass with Fresh Herbs and Lemon,,
Red Chili Onion Rings,,
Cuban-Style Black Beans,,
Buttermilk Panna Cotta with Tropical Fruit,,
Antipasto Salad Sandwiches,,
Clams With Oregano and Bread Crumbs (Vongole Origanate),,
Sweet Potato Pie,,
Lemon Meringue Pie,,
White Soda Bread,,
Pumpkin Pie,,
Spiced Apple Pie,,
Apple and Dried Cranberry Pie,,
Coconut Cake,,
Chocolate Chip Oatmeal Cookies,,
Chocolate Mousse Pie,,
Maple Pumpkin Pie,,
Apple Pie,,
Open-Faced Fresh Blueberry Pie,,
Dutch Farmer's Cheese Soup,,
Chocolate Chip Cookies with Salt,,
Spiced Pumpkin Pie,,
Jose's Oatmeal Peanut Butter Chocolate Chip Cookies,,
Mushroom and Three-Cheese Strata,,
Butter Cookies with Raisins,,
Whoopie Pies,,
Cedar Planked Salmon With Maple Glaze and Mustard Mashed Potatoes,,
Dried Cranberry and White Chocolate Biscotti,,
Peanut Cookies,,
Tuna Steak and Vegetable Sandwiches,,
Roast New York Strip Loin With Garlic-Herb Crust,,
Pan-Fried Lamb Chops with Rosemary and Garlic,,
White Chocolate Layer Cake With Apricot Filling and White Chocolate Buttercream,,
Frozen Mint Chocolate Checkerboard,,
Eggplant Parmesan,,
White Chocolate Truffle and Chocolate Fudge Layer Cake,,
Moroccan Garbanzo Bean and Feta Pitas,,
Caviar Moons,,
Cornmeal Guava Thumbprint Cookies,,
Pinto Bean Enfrijoladas,,
Marinated Fresh Anchovies (Alici Marinati),,
Gingerbread Snowflakes,,
Norwegian Butter Cookies,,
Salmon Salad with Beans,,
Veal Piccata,,
Ultimate Sticky Buns,,
Pork Tenderloin with Spiced Rhubarb Chutney,,
"Leek, Fennel, and Poppy Seed Tart",,
Chicken-Cranberry Hash,,
The Ultimate Pumpkin Pie,,
Garlic Soup with Poached Eggs,,
Green Apple Sorbet,,
Hainanese Chicken Rice,,
"Braised Chicken with Shallots, Garlic, and Balsamic Vinegar",,
Blackberry Upside-Down Cake,,
Bittersweet Molten Chocolate Cakes with Coffee Ice Cream,,
Grilled Bass with Green Tomato and Watermelon Salsa,,
Spanish-Style Chicken with Saffron Rice (Arroz con Pollo),,
Bon Ton-Style Fried Chicken,,
Borscht,,
Fish Soup with Tomatoes and Red Pepper-Garlic Sauce,,
Mocha Tartlets,,
Lobsters with Tarragon Vermouth Sauce,,
Pasta with Spicy Sun-Dried-Tomato Cream Sauce,,
Grilled Ratatouille Salad with Feta Cheese,,
Pumpkin Pie Brûlée,,
Creamed Corn Gratin with Fried Onion Rings and Bacon,,
Rice Pudding with Raisins and Cinnamon,,
"Onion, Cheese, and Bacon Tart",,
Ginger-Hoisin Beef and Scallions on Crispy Noodle Cakes,,
Pumpkin-Pecan Pie with Whiskey Butter Sauce,,
Wild Mushroom Pierogies,,
Clams Oreganata,,
Spotted Dick,,
Drunken Chicken,,
French Potato Salad,,
"Osso Buco with Tomatoes, Olives, and Gremolata",,
"Curried Couscous with Roasted Vegetables, Peach Chutney, and Cilantro Yogurt",,
Holiday Cutouts,,
Pine Nut Torta with Marsala-Poached Autumn Fruit,,
Two-Bean Salad,,
Hominy Grits Soufflé,,
Basic Polenta,,
"Garlicky Linguine with Crab, Red Bell Pepper and Pine Nuts",,
Angel Food Cake,,
Cherry Compote,,
"Grilled Potato Salad with Watercress, Green Onions, and Blue Cheese Vinaigrette",,
Mango Tart with Coconut Crust,,
Tamarind-Glazed Lamb Skewers with Dried-Apricot Relish,,
Spring Vegetable Ragoût,,
Beef Tenderloin Steaks with Port-Rosemary Sauce,,
Fresh Fig Tart with Rosemary Cornmeal Crust and Lemon Mascarpone Cream,,
Stilton Tart with Cranberry Chutney,,
Panfried Pressed Poussins,,
Sweet Potato Chilaquiles with Griddled Salsa Roja,,
Roasted Striped Bass with Chive and Sour Cream Sauce,,
Roasted Salmon with Orange-Herb Sauce,,
"Herbed Rack of Lamb with Parsley, Mint, and Walnut Sauté",,
Chive and Brie Strata,,
B.l.t. Salad,,
Chicken and Sausage Jambalaya,,
Sliced Calf's Liver with Golden Onions,,
Szechuan Sesame Noodles,,
Apricot Phyllo Napoleons,,
Broccoflower with Anchovies and Garlic,,
Green Bean Salad with Tuna Sauce and Olives,,
Classic Coq au Vin,,
Brussels Sprouts with Marjoram and Pine Nuts,,
Steamed Clams in Wine and Chorizo,,
"Cranberry, Tangerine, and Crystallized-Ginger Relish",,
Mussels with Parsley and Garlic,,
Southern Oyster Casserole,,
Carolina Pulled-Pork Sandwiches,,
Mixed Lettuce Chiffonade with Gorgonzola-Herb Dressing,,
"Watermelon, Green Onion, and Mint Salad",,
Pecan and Brown Sugar Crescents,,
Beef Barley Soup with Wild Mushrooms and Parsnips,,
Grilled Pineapple,,
Blueberry Ginger Granita,,
Chick-Pea Cumin Dip,,
Broiled Peaches with Crème Fraîche,,
Corn Fritters with Salsa,,
"Smoked Salmon, Fennel and Goat Cheese Toasts",,
Cavolo Nero with Cilantro,,
"Asian Noodle, Mushroom, and Cabbage Salad",,
"Lobster, Corn, and Potato Salad with Tarragon",,
Apricot Galette,,
Romaine Salad with Chipotle Dressing and Warm Queso Fresco,,
Panfried Red Snapper with Chipotle Butter,,
Espresso and Mascarpone Icebox Cake,,
Dundee Cake with Hot Marmalade Sauce,,
Mussels with Potatoes and Spinach,,
Pistachio Blancmanges,,
Chickpea Cilantro Dip with Grilled Pita and Carrot Sticks,,
"Cinnamon, Brown Sugar, and Walnut Shortbread Crescents",,
Minestrone,,
Buttermilk Pancakes,,
Wild Rice with Wild Mushrooms,,
Hazelnut Cookies,,
Pistachio Ice Cream,,
Best Cocoa Brownies,,
Upside-Down Pear Gingerbread Cake,,
Honey Lavender Ice Cream,,
Mascarpone Cheesecake,,
Everyday Cocoa Cake,,
Coconut Rice Pudding,,
Skewered Rosemary Shrimp with Mint Pesto,,
To Quick-Soak Dried Beans,,
Goat Cheese and Herb Souffles,,
Classic Terrine of Foie Gras,,
Chocolate-Espresso Lava Cakes with Espresso Whipped Cream,,
Lavender Crème-Caramel Tart,,
Rustic Pear Tart with Late-Harvest Riesling,,
Anise-Scented Fig and Date Swirls,,
Grape and Elderflower Gelée,,
Dill-Cured Pork Crostini with Sweet Mustard Sauce,,
Berry Compote with Crispy Won Ton Strips and Vanilla Ice Cream,,
Chocolate-Cherry Tart,,
Frozen Mocha Rum Parfaits,,
Peking-Style Chicken Wraps,,
Paprika Chicken,,
Spinach and Cheese Strata,,
Grilled Summer Lobster,,
Grilled Blue Cheese Sandwiches with Walnuts and Watercress,,
Mashed Yams in Orange Cups,,
Herbed Bread Stuffing,,
Coconut Pavlova With Chocolate Mousse and Bananas,,
Carrots and Rutabagas with Lemon and Honey,,
Pancetta- and Herb-Roasted Pork with Fig Jam,,
Slow-Roasted Tomatoes,,
Welsh Rabbit,,
Lemon Custards with Lemon Verbena,,
Shrimp and Corn with Basil,,
Sloppy Joe's Mojito,,
"Sheboygan-Style Beer-Soaked ""Brats""",,
Strawberries Romanoff for the '90s,,
Roast Leg of Lamb with Fennel Butter,,
Grilled Shrimp Rémoulade,,
Parmesan Custard Tart with Butternut Squash,,
Wild Mushroom Frittata with Fresh Mint,,
Chilled Indian-Spiced Tomato Soup with Crabmeat,,
Three Onion Soup,,
Potato Gratin with Gruyère and Crème Fraîche,,
Seafood Stew with Fennel and Thyme,,
Buffalo Burgers with Pickled Onions and Smoky Red Pepper Sauce,,
Butternut Squash and Apple Soup,,
Jerk Pork on Red Pepper Mayo and Black-Eyed-Pea Cakes,,
Castellane with Mascarpone and Roasted Grape Tomatoes,,
Smoked Baby Back Ribs with Hoisin-Honey Glaze,,
Green Olive and Almond Tapenade,,
Pumpkin and Pecan Semifreddo with Caramel Sauce,,
Pan-Seared Venison with Rosemary and Dried Cherries,,
Linguine with Scallion Sauce and Sauteed Shrimp,,
Zucchini and Saffron Vichyssoise with Scallops,,
Mustard Cream Sauce,,
"Orecchiette Pasta with Peas, Ham, and Cream",,
Chocolate-Chip Ice-Cream-Sandwich Cake with Butterscotch Sauce,,
Pasta and Cauliflower Soup Federica,,
Baked Brie with Caramelized Onions,,
Smoky Black Bean Dip,,
Potato and Pea Salad with Chive Aïoli,,
Marbled Chocolate and Strawberry Galettes,,
Frozen Lemon Gingersnap Pie,,
Lemon-Rosemary Chicken Skewers,,
Thai-Style Chicken and Rice Soup,,
Sweet-and-Sour Stuffed Mustard Cabbage,,
Cauliflower Fritters,,
Fuyu Persimmon and Avocado Salad,,
Roasted Potatoes with Chipotle and Garlic,,
Seared Scallops with Brussels Sprouts and Bacon,,
Sauteed Cod on Snow Peas and Cabbage with Miso Sesame Vinaigrette,,
Basic Hollandaise Sauce,,
Churros (Deep Fried Dough Spirals),,
Baked Ham with Mustard-Red Currant Glaze and Rhubarb Chutney,,
Peppery Beef Kebabs with Braised Pearl Onions,,
Scallop Chowder,,
Sweet Corn Flans with Tomato-Corn Relish,,
Eggplant Rollatini,,
"Spaghetti with Fresh Clams, Parsley, and Lemon",,
Twice-Baked Potatoes with Goat Cheese and Chives,,
Mrs. Marshall's Cheesecake,,
Fig and Gingered Mascarpone Napoleons,,
S'mores Coffee and Fudge Ice Cream Cake,,
Asparagus with Tarragon Sherry Vinaigrette,,
Smoked Fish Chowder,,
Grilled Halibut with Lemongrass Tomato Sauce,,
"Power Waffles with Yogurt, Bananas and Almonds",,
Pumpkin Bread Puddings Brûlée,,
Tarragon-Caper Egg Salad Sandwiches with Smoked Salmon,,
"Mole Cake with Cherry-Almond Ice Cream, Tamarind Anglaise, and Orange Caramel",,
Green Bean Salad with Apricot Vinaigrette,,
Pancetta-Studded Beef Tenderloin,,
Peaches in Ginger Syrup,,
Pistachio Brittle Cheesecake,,
Chicken Breasts with Sun-Dried Tomato and Garlic Crust,,
Hoppin' John,,
Apple Crostata with Crystallized Ginger,,
Salmon Burgers with Spinach and Ginger,,
Ice Cream with Chocolate Caramel Sauce,,
Smoked Ham with Sweet Country Mustard Sauce,,
Rib-Eye Steaks with Bell Peppers and Gorgonzola Butter,,
Savory Cheese Turnovers with Mint,,
Chipotle Turkey Cutlets with Charred Corn Salsa,,
Roasted Bell Pepper Salad with Pine Nuts,,
Cast-Iron Roasted Clams,,
Honey and Soy Glazed Salmon,,
Spicy Lamb and Chorizo Chili,,
Shepherd's Pie,,
Asparagus Salad with Sweet Balsamic Vinegar,,
Sweet-and-Sour Baby Carrots,,
Pickled Hot Chiles,,
Ma-Po Tofu,,
Salt Cod Fish Cakes,,
Japanese Beef and Scallion Rolls,,
Beer-Batter-Fried Sardines and Lime,,
Golden Pancakes with Pecorino and Prosciutto,,
Tequila and Lime Baked Pineapple,,
Braised Beef Cheeks,,
Spaghetti with Pecorino Romano and Black Pepper,,
Skillet Chicken and Vegetables,,
Cherry Tomato Polenta Tartlets with Basil Mayonnaise,,
Sauteed Pasta with Lobster,,
Pineapple and Banana Couscous Pudding,,
Molasses Sponge Candy,,
Tricolor Vegetable Sauté with Cumin Seeds and Oregano,,
Braised Duck Legs with Shallots and Parsnips,,
Grilled Shrimp with Tamarind Sauce,,
Roasted Chicken with Garlic Confit,,
"Spaghetti with Anchovies, Olives, and Toasted Bread Crumbs",,
Salmon with Soy-Honey and Wasabi Sauces,,
Veal Cutlets with Arugula and Tomato Salad,,
Creamy Corn with Chives,,
Blackberry Semifreddi with Walnut Meringue,,
Sangria Jell-O Salad,,
Red-Wine Vinaigrette,,
Chicken Liver Pâté with Figs and Walnuts,,
Bluewater Bread Pudding with Caramel Sauce,,
Lemon Pudding Cake,,
Porterhouse Steaks with Arugula and Parmesan Cheese,,
Black Bean Soup with Chipotle Chiles,,
Frisée and Endive Salad with Warm Brussels Sprouts and Toasted Pecans,,
Cold Avocado Soup,,
Dill Sauce,,
Hazelnut-Butter Cookies with Mini Chocolate Chips,,
Chocolate Mint Cookies,,
"Veal and Tomato Ragoût with Potatoes, Cinnamon, and Cream",,
White Chicken Chili,,
Whole Stuffed Artichokes Braised in White Wine,,
"Chestnut, Onion, and Currant Stuffing",,
Apple Pancakes with Cinnamon Butter,,
Pistachio Cake,,
Mixed Berry Pavlovas,,
Raspberry Jam Tart with Almond Crumble,,
Cider-Braised Pork Shoulder with Caramelized Onions,,
"Tomato, Garlic, and Potato Frittata",,
Cornmeal Pancakes with Honey-Pecan Butter,,
Chocolate Heart Layer Cake with Chocolate-Cinnamon Mousse,,
Ginger-Pecan Roulade with Honey-Glazed Pecans,,
Dandelion Salad with Warm Bacon Dressing,,
Brownie Pudding Cake,,
Israeli Couscous with Roasted Butternut Squash and Preserved Lemon,,
Rice with Soy-Glazed Bonito Flakes and Sesame Seeds,,
Spanakopita,,
"Mexican Poblano, Spinach, and Black Bean ""Lasagne"" with Goat Cheese",,
